Time,Method,Row,Identifier 1,Identifier 2,Comment,Preparation,Component,Peak Nr.,Rt,Width,Ampl. 2,Area 2,Ampl. 3,Area 3,BGD 2,BGD 3,Area All,Is Ref.?,d 2H/1H,rd 3H2/2H2,rR 3H2/2H2
16:49:12,H2 60m 6C_ramp 1.4 mL Flow Standards,3,ACAL2,standard_control_drift,,20,Ref 1,1,30.1,13.8,5539,59.281,1558,0.016,121.8,82.2,59.297,0,-311.021,-0.030,0.2628653
16:49:12,H2 60m 6C_ramp 1.4 mL Flow Standards,3,ACAL2,standard_control_drift,,20,Ref 2,2,71.9,13.8,5538,59.052,1558,0.016,122.1,81.8,59.067,0,-310.766,0.340,0.2629626
16:49:12,H2 60m 6C_ramp 1.4 mL Flow Standards,3,ACAL2,standard_control_drift,,20,Ref 3,3,113.7,13.8,5539,59.191,1558,0.016,122.3,82.0,59.207,1,-311.000,0.000,0.2628732
16:49:12,H2 60m 6C_ramp 1.4 mL Flow Standards,3,ACAL2,standard_control_drift,,20,Ref 4,4,155.5,13.8,5542,59.368,1560,0.016,122.5,81.8,59.384,0,-310.482,0.752,0.2630710
16:49:12,H2 60m 6C_ramp 1.4 mL Flow Standards,3,ACAL2,standard_control_drift,,20,Ref 5,5,197.3,14.0,5544,59.239,1560,0.016,122.7,82.1,59.255,0,-310.757,0.352,0.2629658
16:49:12,H2 60m 6C_ramp 1.4 mL Flow Standards,3,ACAL2,standard_control_drift,,20,C23 Alkane,6,1470.3,13.0,4105,15.960,1270,0.006,134.6,82.6,15.966,0,-84.424,328.848,0.3493184
16:49:12,H2 60m 6C_ramp 1.4 mL Flow Standards,3,ACAL2,standard_control_drift,,20,C20 FAME,7,1493.9,13.0,4041,14.789,1337,0.005,154.0,87.3,14.794,0,-27.329,411.714,0.3711016
16:49:12,H2 60m 6C_ramp 1.4 mL Flow Standards,3,ACAL2,standard_control_drift,,20,C25 Alkane,8,1631.0,13.2,4585,16.868,1158,0.005,141.6,84.3,16.873,0,-265.172,66.514,0.2803581
16:49:12,H2 60m 6C_ramp 1.4 mL Flow Standards,3,ACAL2,standard_control_drift,,20,C27 Alkane,9,1780.7,13.0,4820,17.486,1354,0.005,149.9,86.1,17.492,0,-187.071,179.868,0.3101557
16:49:12,H2 60m 6C_ramp 1.4 mL Flow Standards,3,ACAL2,standard_control_drift,,20,C29 Alkane,10,1920.5,12.7,4969,18.845,1564,0.006,163.7,89.9,18.851,0,-103.108,301.730,0.3421900
16:49:12,H2 60m 6C_ramp 1.4 mL Flow Standards,3,ACAL2,standard_control_drift,,20,C31 Alkane,11,2051.8,12.3,5129,19.573,1310,0.005,190.9,98.2,19.578,0,-276.347,50.295,0.2760944
16:49:12,H2 60m 6C_ramp 1.4 mL Flow Standards,3,ACAL2,standard_control_drift,,20,C30 FAME,12,2217.5,13.2,4054,18.228,1111,0.006,198.8,100.0,18.234,0,-196.078,166.795,0.3067191
17:35:04,H2 60m 6C_ramp 1.4 mL Flow Standards,4,ACAL2,standard_control_drift,,20,Ref 1,1,30.1,13.8,5529,59.181,1556,0.016,122.4,82.2,59.197,0,-311.293,-0.426,0.2629959
17:35:04,H2 60m 6C_ramp 1.4 mL Flow Standards,4,ACAL2,standard_control_drift,,20,Ref 2,2,71.9,13.8,5528,59.002,1556,0.016,122.7,81.7,59.018,0,-310.979,0.031,0.2631159
17:35:04,H2 60m 6C_ramp 1.4 mL Flow Standards,4,ACAL2,standard_control_drift,,20,Ref 3,3,113.7,13.8,5531,58.991,1556,0.016,122.9,82.0,59.007,1,-311.000,0.000,0.2631078
17:35:04,H2 60m 6C_ramp 1.4 mL Flow Standards,4,ACAL2,standard_control_drift,,20,Ref 4,4,155.5,14.0,5531,59.229,1556,0.016,123.0,82.1,59.245,0,-311.088,-0.128,0.2630742
17:35:04,H2 60m 6C_ramp 1.4 mL Flow Standards,4,ACAL2,standard_control_drift,,20,Ref 5,5,197.3,14.0,5532,59.070,1558,0.016,123.2,82.4,59.085,0,-311.037,-0.054,0.2630936
17:35:04,H2 60m 6C_ramp 1.4 mL Flow Standards,4,ACAL2,standard_control_drift,,20,C23 Alkane,6,1469.7,11.7,4712,16.430,1445,0.006,134.4,82.5,16.436,0,-83.799,329.755,0.3498690
17:35:04,H2 60m 6C_ramp 1.4 mL Flow Standards,4,ACAL2,standard_control_drift,,20,C20 FAME,7,1493.3,11.7,4583,15.209,1496,0.006,151.1,86.2,15.215,0,-27.284,411.780,0.3714503
17:35:04,H2 60m 6C_ramp 1.4 mL Flow Standards,4,ACAL2,standard_control_drift,,20,C25 Alkane,8,1630.4,11.5,4862,17.110,1207,0.005,140.6,84.1,17.115,0,-266.441,64.672,0.2801235
17:35:04,H2 60m 6C_ramp 1.4 mL Flow Standards,4,ACAL2,standard_control_drift,,20,C27 Alkane,9,1779.8,11.3,4926,17.617,1387,0.005,148.9,85.7,17.622,0,-187.141,179.767,0.3104059
17:35:04,H2 60m 6C_ramp 1.4 mL Flow Standards,4,ACAL2,standard_control_drift,,20,C29 Alkane,10,1919.7,11.3,5154,18.875,1603,0.006,162.6,89.5,18.881,0,-103.385,301.328,0.3423896
17:35:04,H2 60m 6C_ramp 1.4 mL Flow Standards,4,ACAL2,standard_control_drift,,20,C31 Alkane,11,2050.7,11.7,5169,19.588,1328,0.005,187.9,97.2,19.594,0,-277.203,49.052,0.2760137
17:35:04,H2 60m 6C_ramp 1.4 mL Flow Standards,4,ACAL2,standard_control_drift,,20,C30 FAME,12,2216.4,13.0,4127,18.198,1111,0.006,196.8,99.1,18.203,0,-195.832,167.153,0.3070871
18:31:20,H2 60m 6C_ramp Alkane_Samples,5,VE-11,sample,,20,Ref 1,1,30.1,13.8,5522,58.985,1554,0.016,122.5,82.9,59.001,0,-311.501,-0.727,0.2630026
18:31:20,H2 60m 6C_ramp Alkane_Samples,5,VE-11,sample,,20,Ref 2,2,71.9,13.8,5521,58.943,1554,0.016,122.8,82.9,58.959,0,-311.306,-0.444,0.2630769
18:31:20,H2 60m 6C_ramp Alkane_Samples,5,VE-11,sample,,20,Ref 3,3,113.7,13.8,5524,59.092,1556,0.016,123.1,82.7,59.108,1,-311.000,0.000,0.2631939
18:31:20,H2 60m 6C_ramp Alkane_Samples,5,VE-11,sample,,20,Ref 4,4,155.5,13.8,5528,59.119,1556,0.016,123.3,82.8,59.135,0,-311.446,-0.647,0.2630235
18:31:20,H2 60m 6C_ramp Alkane_Samples,5,VE-11,sample,,20,Ref 5,5,197.3,14.0,5527,59.001,1557,0.016,123.5,83.1,59.016,0,-311.252,-0.366,0.2630974
18:31:20,H2 60m 6C_ramp Alkane_Samples,5,VE-11,sample,,20,C25 Alkane,6,1626.4,9.6,2517,7.596,713,0.002,143.6,85.3,7.598,0,-181.064,188.586,0.3128285
18:31:20,H2 60m 6C_ramp Alkane_Samples,5,VE-11,sample,,20,C27 Alkane,7,1775.9,7.9,1351,3.745,410,0.001,152.5,87.2,3.746,0,-164.779,212.223,0.3190496
18:31:20,H2 60m 6C_ramp Alkane_Samples,5,VE-11,sample,,20,C29 Alkane,8,1915.5,6.9,543,1.523,178,0.001,164.9,90.6,1.524,0,-121.627,274.852,0.3355333
18:31:20,H2 60m 6C_ramp Alkane_Samples,5,VE-11,sample,,20,C31 Alkane,9,2049.7,11.7,4800,17.942,1416,0.006,190.9,99.0,17.947,0,-155.381,225.862,0.3226394
18:31:20,H2 60m 6C_ramp Alkane_Samples,5,VE-11,sample,,20,C33 Alkane,10,2188.4,13.8,4927,22.793,1394,0.007,203.5,102.4,22.800,0,-172.006,201.732,0.3162886
18:31:20,H2 60m 6C_ramp Alkane_Samples,5,VE-11,sample,,20,C35 Alkane,11,2350.8,9.2,674,2.582,214,0.001,207.3,103.5,2.583,0,-144.695,241.372,0.3267216
19:32:13,H2 60m 6C_ramp Alkane_Samples,6,VE-11,sample,,20,Ref 1,1,30.1,13.8,5514,58.713,1552,0.015,123.6,82.9,58.729,0,-311.274,-0.397,0.2631506
19:32:13,H2 60m 6C_ramp Alkane_Samples,6,VE-11,sample,,20,Ref 2,2,71.9,13.8,5515,58.981,1554,0.016,124.0,83.2,58.996,0,-311.139,-0.202,0.2632020
19:32:13,H2 60m 6C_ramp Alkane_Samples,6,VE-11,sample,,20,Ref 3,3,113.7,13.8,5517,58.954,1553,0.016,124.2,83.1,58.969,1,-311.000,0.000,0.2632551
19:32:13,H2 60m 6C_ramp Alkane_Samples,6,VE-11,sample,,20,Ref 4,4,155.5,14.0,5521,59.158,1556,0.016,124.3,83.0,59.173,0,-310.944,0.081,0.2632763
19:32:13,H2 60m 6C_ramp Alkane_Samples,6,VE-11,sample,,20,Ref 5,5,197.3,14.0,5521,59.109,1555,0.016,124.4,83.1,59.125,0,-310.855,0.211,0.2633106
19:32:13,H2 60m 6C_ramp Alkane_Samples,6,VE-11,sample,,20,C25 Alkane,6,1626.4,9.6,2527,7.476,715,0.002,143.7,85.8,7.478,0,-184.474,183.637,0.3115984
19:32:13,H2 60m 6C_ramp Alkane_Samples,6,VE-11,sample,,20,C27 Alkane,7,1775.9,7.7,1348,3.701,406,0.001,152.6,88.0,3.702,0,-170.856,203.402,0.3168016
19:32:13,H2 60m 6C_ramp Alkane_Samples,6,VE-11,sample,,20,C29 Alkane,8,1915.3,6.9,549,1.515,181,0.001,165.9,91.7,1.515,0,-127.530,266.285,0.3333560
19:32:13,H2 60m 6C_ramp Alkane_Samples,6,VE-11,sample,,20,C31 Alkane,9,2049.5,11.7,4767,17.809,1418,0.006,191.5,99.0,17.815,0,-154.707,226.840,0.3229719
19:32:13,H2 60m 6C_ramp Alkane_Samples,6,VE-11,sample,,20,C33 Alkane,10,2188.2,13.8,4837,22.771,1382,0.007,205.2,103.2,22.778,0,-172.388,201.179,0.3162165
19:32:13,H2 60m 6C_ramp Alkane_Samples,6,VE-11,sample,,20,C35 Alkane,11,2350.8,9.2,675,2.586,214,0.001,208.8,104.4,2.587,0,-147.362,237.501,0.3257784
20:33:02,H2 60m 6C_ramp Alkane_Samples,7,VE-16,sample,,20,Ref 1,1,30.1,13.8,5509,58.771,1552,0.015,123.7,82.8,58.787,0,-310.903,0.141,0.2632769
20:33:02,H2 60m 6C_ramp Alkane_Samples,7,VE-16,sample,,20,Ref 2,2,71.9,13.8,5508,58.804,1551,0.015,124.1,83.0,58.820,0,-310.895,0.153,0.2632802
20:33:02,H2 60m 6C_ramp Alkane_Samples,7,VE-16,sample,,20,Ref 3,3,113.7,13.8,5510,58.841,1552,0.015,124.3,83.0,58.857,1,-311.000,0.000,0.2632399
20:33:02,H2 60m 6C_ramp Alkane_Samples,7,VE-16,sample,,20,Ref 4,4,155.5,13.8,5516,59.038,1553,0.016,124.4,83.2,59.054,0,-311.277,-0.402,0.2631342
20:33:02,H2 60m 6C_ramp Alkane_Samples,7,VE-16,sample,,20,Ref 5,5,197.3,13.8,5516,58.991,1554,0.016,124.6,82.9,59.006,0,-311.039,-0.057,0.2632249
20:33:02,H2 60m 6C_ramp Alkane_Samples,7,VE-16,sample,,20,C25 Alkane,6,1626.2,7.7,1305,3.474,398,0.001,140.6,84.7,3.475,0,-151.428,231.599,0.3242061
20:33:02,H2 60m 6C_ramp Alkane_Samples,7,VE-16,sample,,20,-,7,1776.1,6.5,1024,2.756,320,0.001,146.6,86.2,2.757,0,-157.841,222.292,0.3217560
20:33:02,H2 60m 6C_ramp Alkane_Samples,7,VE-16,sample,,20,C29 Alkane,8,1915.9,7.3,820,2.278,268,0.001,160.3,89.8,2.279,0,-123.182,272.595,0.3349979
20:33:02,H2 60m 6C_ramp Alkane_Samples,7,VE-16,sample,,20,C31 Alkane,9,2050.3,11.9,5457,21.128,1608,0.007,186.6,97.4,21.134,0,-152.660,229.812,0.3237355
20:33:02,H2 60m 6C_ramp Alkane_Samples,7,VE-16,sample,,20,C33 Alkane,10,2187.6,12.3,3878,16.098,1122,0.005,196.1,99.8,16.103,0,-159.065,220.516,0.3212884
21:33:55,H2 60m 6C_ramp Alkane_Samples,8,VE-16,sample,,20,Ref 1,1,30.1,13.8,5503,58.776,1551,0.015,123.5,83.1,58.792,0,-310.904,0.140,0.2632738
21:33:55,H2 60m 6C_ramp Alkane_Samples,8,VE-16,sample,,20,Ref 2,2,71.9,13.8,5502,58.885,1550,0.016,123.8,83.1,58.901,0,-310.804,0.284,0.2633117
21:33:55,H2 60m 6C_ramp Alkane_Samples,8,VE-16,sample,,20,Ref 3,3,113.7,13.8,5505,58.869,1550,0.015,124.1,83.3,58.885,1,-311.000,0.000,0.2632370
21:33:55,H2 60m 6C_ramp Alkane_Samples,8,VE-16,sample,,20,Ref 4,4,155.5,14.0,5509,58.996,1552,0.016,124.2,83.1,59.012,0,-310.711,0.420,0.2633475
21:33:55,H2 60m 6C_ramp Alkane_Samples,8,VE-16,sample,,20,Ref 5,5,197.3,14.0,5511,58.851,1553,0.016,124.4,83.3,58.867,0,-310.460,0.784,0.2634432
21:33:55,H2 60m 6C_ramp Alkane_Samples,8,VE-16,sample,,20,C25 Alkane,6,1625.6,7.5,1342,3.500,409,0.001,140.0,84.7,3.501,0,-151.493,231.506,0.3241778
21:33:55,H2 60m 6C_ramp Alkane_Samples,8,VE-16,sample,,20,-,7,1775.5,6.5,1024,2.778,321,0.001,145.6,86.0,2.779,0,-156.843,223.741,0.3221338
21:33:55,H2 60m 6C_ramp Alkane_Samples,8,VE-16,sample,,20,C29 Alkane,8,1915.3,7.3,840,2.324,274,0.001,162.0,90.9,2.325,0,-125.466,269.279,0.3341213
21:33:55,H2 60m 6C_ramp Alkane_Samples,8,VE-16,sample,,20,C31 Alkane,9,2049.7,12.1,5477,21.305,1631,0.007,184.4,97.2,21.312,0,-153.255,228.947,0.3235043
21:33:55,H2 60m 6C_ramp Alkane_Samples,8,VE-16,sample,,20,C33 Alkane,10,2187.0,12.3,3872,16.204,1136,0.005,194.3,99.9,16.209,0,-160.233,218.821,0.3208386
22:34:46,H2 60m 6C_ramp Alkane_Samples,9,VE-17,sample,,20,Ref 1,1,30.1,14.0,5508,58.848,1551,0.015,124.1,83.0,58.864,0,-311.132,-0.192,0.2632407
22:34:46,H2 60m 6C_ramp Alkane_Samples,9,VE-17,sample,,20,Ref 2,2,71.9,14.0,5506,58.881,1551,0.016,124.4,82.8,58.896,0,-310.598,0.583,0.2634449
22:34:46,H2 60m 6C_ramp Alkane_Samples,9,VE-17,sample,,20,Ref 3,3,113.7,14.0,5509,58.890,1552,0.016,124.6,83.2,58.905,1,-311.000,0.000,0.2632913
22:34:46,H2 60m 6C_ramp Alkane_Samples,9,VE-17,sample,,20,Ref 4,4,155.5,14.0,5512,58.945,1552,0.016,124.8,83.0,58.960,0,-310.736,0.383,0.2633921
22:34:46,H2 60m 6C_ramp Alkane_Samples,9,VE-17,sample,,20,Ref 5,5,197.3,14.0,5511,58.957,1553,0.016,124.8,82.9,58.973,0,-310.709,0.423,0.2634026
22:34:46,H2 60m 6C_ramp Alkane_Samples,9,VE-17,sample,,20,C25 Alkane,6,1625.8,10.5,2082,6.397,602,0.002,143.0,85.6,6.399,0,-175.154,197.164,0.3152029
22:34:46,H2 60m 6C_ramp Alkane_Samples,9,VE-17,sample,,20,C27 Alkane,7,1775.9,9.4,1682,4.867,502,0.002,153.2,87.7,4.868,0,-164.551,212.553,0.3192547
22:34:46,H2 60m 6C_ramp Alkane_Samples,9,VE-17,sample,,20,C29 Alkane,8,1915.3,7.3,758,2.146,247,0.001,174.7,94.7,2.146,0,-135.249,255.081,0.3304520
22:34:46,H2 60m 6C_ramp Alkane_Samples,9,VE-17,sample,,20,C31 Alkane,9,2049.7,13.0,5208,20.251,1553,0.007,202.8,102.7,20.257,0,-151.897,230.919,0.3240902
22:34:46,H2 60m 6C_ramp Alkane_Samples,9,VE-17,sample,,20,C33 Alkane,10,2188.0,13.8,4676,21.356,1354,0.007,224.2,109.2,21.363,0,-149.603,234.248,0.3249668
22:34:46,H2 60m 6C_ramp Alkane_Samples,9,VE-17,sample,,20,C35 Alkane,11,2350.4,9.0,528,2.054,175,0.001,228.1,110.4,2.054,0,-119.180,278.403,0.3365924
23:35:38,H2 60m 6C_ramp Alkane_Samples,10,VE-17,sample,,20,Ref 1,1,30.1,14.0,5500,58.685,1550,0.015,123.9,82.6,58.700,0,-310.889,0.161,0.2634766
23:35:38,H2 60m 6C_ramp Alkane_Samples,10,VE-17,sample,,20,Ref 2,2,71.9,14.0,5500,58.784,1549,0.015,124.3,82.9,58.799,0,-311.376,-0.545,0.2632905
23:35:38,H2 60m 6C_ramp Alkane_Samples,10,VE-17,sample,,20,Ref 3,3,113.7,14.0,5503,58.808,1551,0.015,124.5,82.7,58.824,1,-311.000,0.000,0.2634342
23:35:38,H2 60m 6C_ramp Alkane_Samples,10,VE-17,sample,,20,Ref 4,4,155.5,14.0,5506,58.886,1551,0.016,124.6,83.0,58.902,0,-311.270,-0.392,0.2633309
23:35:38,H2 60m 6C_ramp Alkane_Samples,10,VE-17,sample,,20,Ref 5,5,197.3,14.0,5507,58.802,1551,0.015,124.7,82.9,58.817,0,-310.949,0.074,0.2634536
23:35:38,H2 60m 6C_ramp Alkane_Samples,10,VE-17,sample,,20,C25 Alkane,6,1626.2,9.2,2285,6.503,663,0.002,144.6,85.9,6.505,0,-175.201,197.096,0.3153560
23:35:38,H2 60m 6C_ramp Alkane_Samples,10,VE-17,sample,,20,C27 Alkane,7,1776.1,8.4,1784,4.914,535,0.002,155.9,88.6,4.915,0,-164.668,212.383,0.3193831
23:35:38,H2 60m 6C_ramp Alkane_Samples,10,VE-17,sample,,20,C29 Alkane,8,1915.5,7.3,771,2.130,250,0.001,174.9,94.3,2.130,0,-136.736,252.923,0.3300627
23:35:38,H2 60m 6C_ramp Alkane_Samples,10,VE-17,sample,,20,C31 Alkane,9,2049.9,11.9,5311,20.275,1579,0.007,208.8,104.4,20.282,0,-152.792,229.620,0.3239239
23:35:38,H2 60m 6C_ramp Alkane_Samples,10,VE-17,sample,,20,C33 Alkane,10,2188.0,13.2,4646,21.329,1349,0.007,230.5,111.2,21.335,0,-150.198,233.385,0.3249158
23:35:38,H2 60m 6C_ramp Alkane_Samples,10,VE-17,sample,,20,C35 Alkane,11,2350.4,8.8,522,2.041,175,0.001,234.8,112.4,2.042,0,-117.391,281.001,0.3374594
00:36:31,H2 60m 6C_ramp Alkane_Samples,11,VE-18,sample,,20,Ref 1,1,30.1,13.8,5500,58.808,1550,0.015,124.1,82.5,58.824,0,-310.887,0.164,0.2633628
00:36:31,H2 60m 6C_ramp Alkane_Samples,11,VE-18,sample,,20,Ref 2,2,71.9,13.8,5500,58.677,1549,0.015,124.3,83.0,58.692,0,-310.973,0.038,0.2633297
00:36:31,H2 60m 6C_ramp Alkane_Samples,11,VE-18,sample,,20,Ref 3,3,113.7,13.8,5502,58.793,1550,0.015,124.5,83.0,58.808,1,-311.000,0.000,0.2633195
00:36:31,H2 60m 6C_ramp Alkane_Samples,11,VE-18,sample,,20,Ref 4,4,155.5,13.8,5505,58.840,1550,0.015,124.7,82.9,58.855,0,-311.218,-0.317,0.2632361
00:36:31,H2 60m 6C_ramp Alkane_Samples,11,VE-18,sample,,20,Ref 5,5,197.3,13.8,5505,58.777,1551,0.015,124.7,82.8,58.792,0,-311.033,-0.048,0.2633069
00:36:31,H2 60m 6C_ramp Alkane_Samples,11,VE-18,sample,,20,C25 Alkane,6,1625.4,8.8,2176,6.114,634,0.002,139.4,83.8,6.116,0,-169.905,204.782,0.3172426
00:36:31,H2 60m 6C_ramp Alkane_Samples,11,VE-18,sample,,20,C27 Alkane,7,1775.0,8.2,1465,4.001,445,0.001,147.4,86.1,4.002,0,-161.819,216.518,0.3203331
00:36:31,H2 60m 6C_ramp Alkane_Samples,11,VE-18,sample,,20,C29 Alkane,8,1914.6,7.1,730,2.014,241,0.001,161.8,89.7,2.015,0,-125.160,269.724,0.3343433
00:36:31,H2 60m 6C_ramp Alkane_Samples,11,VE-18,sample,,20,C31 Alkane,9,2048.8,11.9,5052,19.366,1505,0.006,188.7,98.3,19.372,0,-154.400,227.286,0.3231685
00:36:31,H2 60m 6C_ramp Alkane_Samples,11,VE-18,sample,,20,C33 Alkane,10,2186.8,13.0,4265,18.790,1229,0.006,204.2,102.5,18.796,0,-164.630,212.439,0.3192588
01:37:22,H2 60m 6C_ramp Alkane_Samples,12,VE-18,sample,,20,Ref 1,1,30.1,13.8,5494,58.725,1547,0.015,123.7,83.1,58.740,0,-311.134,-0.195,0.2632992
01:37:22,H2 60m 6C_ramp Alkane_Samples,12,VE-18,sample,,20,Ref 2,2,71.9,13.8,5494,58.787,1549,0.015,124.1,83.2,58.803,0,-311.183,-0.266,0.2632804
01:37:22,H2 60m 6C_ramp Alkane_Samples,12,VE-18,sample,,20,Ref 3,3,113.7,13.8,5497,58.741,1548,0.015,124.3,83.2,58.756,1,-311.000,0.000,0.2633505
01:37:22,H2 60m 6C_ramp Alkane_Samples,12,VE-18,sample,,20,Ref 4,4,155.5,13.8,5500,58.846,1549,0.015,124.4,83.2,58.861,0,-311.037,-0.053,0.2633364
01:37:22,H2 60m 6C_ramp Alkane_Samples,12,VE-18,sample,,20,Ref 5,5,197.3,14.0,5501,58.705,1551,0.015,124.6,83.0,58.720,0,-310.566,0.630,0.2635164
01:37:22,H2 60m 6C_ramp Alkane_Samples,12,VE-18,sample,,20,C25 Alkane,6,1625.6,8.8,2195,6.134,645,0.002,138.6,84.4,6.136,0,-171.908,201.875,0.3165143
01:37:22,H2 60m 6C_ramp Alkane_Samples,12,VE-18,sample,,20,C27 Alkane,7,1775.5,7.7,1478,3.969,448,0.001,146.0,85.9,3.970,0,-161.015,217.685,0.3206780
01:37:22,H2 60m 6C_ramp Alkane_Samples,12,VE-18,sample,,20,C29 Alkane,8,1915.1,7.1,731,1.992,239,0.001,159.5,89.5,1.993,0,-126.234,268.165,0.3339719
01:37:22,H2 60m 6C_ramp Alkane_Samples,12,VE-18,sample,,20,C31 Alkane,9,2049.2,11.7,5093,19.139,1511,0.006,185.5,97.6,19.145,0,-153.797,228.161,0.3234369
01:37:22,H2 60m 6C_ramp Alkane_Samples,12,VE-18,sample,,20,C33 Alkane,10,2187.2,12.7,4229,18.539,1204,0.006,200.1,101.6,18.545,0,-165.371,211.364,0.3190132
02:27:46,H2 60m 6C_ramp 1.4 mL Flow Standards,13,ACAL2,standard_control_drift,,20,Ref 1,1,30.1,13.8,5489,58.572,1547,0.015,123.7,82.4,58.588,0,-310.583,0.605,0.2634930
02:27:46,H2 60m 6C_ramp 1.4 mL Flow Standards,13,ACAL2,standard_control_drift,,20,Ref 2,2,71.9,13.8,5487,58.538,1545,0.015,124.0,83.0,58.553,0,-311.300,-0.436,0.2632189
02:27:46,H2 60m 6C_ramp 1.4 mL Flow Standards,13,ACAL2,standard_control_drift,,20,Ref 3,3,113.7,14.0,5492,58.582,1547,0.015,124.3,82.8,58.597,1,-311.000,0.000,0.2633337
02:27:46,H2 60m 6C_ramp 1.4 mL Flow Standards,13,ACAL2,standard_control_drift,,20,Ref 4,4,155.5,14.0,5494,58.647,1547,0.015,124.3,83.0,58.663,0,-310.999,0.002,0.2633341
02:27:46,H2 60m 6C_ramp 1.4 mL Flow Standards,13,ACAL2,standard_control_drift,,20,Ref 5,5,197.3,14.0,5496,58.646,1548,0.015,124.5,83.0,58.661,0,-311.058,-0.084,0.2633115
02:27:46,H2 60m 6C_ramp 1.4 mL Flow Standards,13,ACAL2,standard_control_drift,,20,C23 Alkane,6,1468.9,11.3,4856,16.390,1472,0.006,134.5,83.3,16.396,0,-86.777,325.433,0.3490311
02:27:46,H2 60m 6C_ramp 1.4 mL Flow Standards,13,ACAL2,standard_control_drift,,20,C20 FAME,7,1492.5,11.1,4628,15.127,1524,0.006,149.6,86.6,15.133,0,-28.127,410.555,0.3714467
02:27:46,H2 60m 6C_ramp 1.4 mL Flow Standards,13,ACAL2,standard_control_drift,,20,C25 Alkane,8,1629.4,11.1,4893,17.059,1228,0.005,141.1,84.6,17.064,0,-267.190,63.585,0.2800778
02:27:46,H2 60m 6C_ramp 1.4 mL Flow Standards,13,ACAL2,standard_control_drift,,20,C27 Alkane,9,1778.8,11.1,4989,17.552,1399,0.005,148.9,86.4,17.557,0,-188.245,178.163,0.3102500
02:27:46,H2 60m 6C_ramp 1.4 mL Flow Standards,13,ACAL2,standard_control_drift,,20,C29 Alkane,10,1918.4,11.3,5142,18.867,1598,0.006,163.9,90.8,18.873,0,-104.756,299.338,0.3421594
02:27:46,H2 60m 6C_ramp 1.4 mL Flow Standards,13,ACAL2,standard_control_drift,,20,C31 Alkane,11,2049.7,11.5,5122,19.566,1310,0.005,190.1,98.5,19.571,0,-277.663,48.385,0.2760749
02:27:46,H2 60m 6C_ramp 1.4 mL Flow Standards,13,ACAL2,standard_control_drift,,20,C30 FAME,12,2215.0,13.0,4033,18.044,1109,0.006,203.0,102.1,18.050,0,-197.584,164.609,0.3066807
03:13:35,H2 60m 6C_ramp 1.4 mL Flow Standards,14,ACAL2,standard_control_drift,,20,Ref 1,1,30.1,14.0,5499,58.889,1549,0.016,123.4,82.9,58.905,0,-310.955,0.065,0.2634398
03:13:35,H2 60m 6C_ramp 1.4 mL Flow Standards,14,ACAL2,standard_control_drift,,20,Ref 2,2,71.9,14.0,5496,58.847,1549,0.015,123.5,83.0,58.862,0,-311.077,-0.112,0.2633930
03:13:35,H2 60m 6C_ramp 1.4 mL Flow Standards,14,ACAL2,standard_control_drift,,20,Ref 3,3,113.7,14.0,5500,58.821,1550,0.015,123.8,83.1,58.837,1,-311.000,0.000,0.2634225
03:13:35,H2 60m 6C_ramp 1.4 mL Flow Standards,14,ACAL2,standard_control_drift,,20,Ref 4,4,155.5,14.0,5503,58.820,1550,0.015,124.0,83.2,58.836,0,-310.796,0.296,0.2635005
03:13:35,H2 60m 6C_ramp 1.4 mL Flow Standards,14,ACAL2,standard_control_drift,,20,Ref 5,5,197.3,14.0,5504,58.815,1551,0.015,124.2,83.2,58.830,0,-311.138,-0.201,0.2633697
03:13:35,H2 60m 6C_ramp 1.4 mL Flow Standards,14,ACAL2,standard_control_drift,,20,C23 Alkane,6,1468.0,11.5,4848,16.449,1470,0.006,135.2,83.8,16.455,0,-85.664,327.049,0.3495744
03:13:35,H2 60m 6C_ramp 1.4 mL Flow Standards,14,ACAL2,standard_control_drift,,20,C20 FAME,7,1491.6,11.5,4580,15.234,1497,0.006,150.9,87.3,15.240,0,-28.677,409.757,0.3713618
03:13:35,H2 60m 6C_ramp 1.4 mL Flow Standards,14,ACAL2,standard_control_drift,,20,C25 Alkane,8,1628.5,11.3,4937,17.151,1222,0.005,141.8,85.0,17.156,0,-266.912,63.988,0.2802784
03:13:35,H2 60m 6C_ramp 1.4 mL Flow Standards,14,ACAL2,standard_control_drift,,20,C27 Alkane,9,1778.2,11.3,4986,17.624,1382,0.005,150.0,87.3,17.630,0,-188.084,178.398,0.3104167
03:13:35,H2 60m 6C_ramp 1.4 mL Flow Standards,14,ACAL2,standard_control_drift,,20,C29 Alkane,10,1918.0,11.3,5176,18.914,1597,0.006,164.6,90.9,18.921,0,-104.101,300.289,0.3425253
03:13:35,H2 60m 6C_ramp 1.4 mL Flow Standards,14,ACAL2,standard_control_drift,,20,C31 Alkane,11,2049.0,11.7,5179,19.625,1320,0.005,191.3,99.2,19.631,0,-277.540,48.563,0.2762150
03:13:35,H2 60m 6C_ramp 1.4 mL Flow Standards,14,ACAL2,standard_control_drift,,20,C30 FAME,12,2214.4,12.7,4050,18.163,1125,0.006,203.5,102.0,18.169,0,-195.888,167.071,0.3074328
03:59:23,H2 60m 6C_ramp 1.4 mL Flow Standards,15,LCA,size,,40,Ref 1,1,30.1,13.8,5503,58.642,1550,0.015,123.4,83.1,58.658,0,-310.874,0.183,0.2634786
03:59:23,H2 60m 6C_ramp 1.4 mL Flow Standards,15,LCA,size,,40,Ref 2,2,71.9,13.8,5503,58.835,1550,0.015,123.6,83.4,58.851,0,-311.189,-0.275,0.2633580
03:59:23,H2 60m 6C_ramp 1.4 mL Flow Standards,15,LCA,size,,40,Ref 3,3,113.7,13.8,5506,58.913,1552,0.016,123.9,83.4,58.929,1,-311.000,0.000,0.2634304
03:59:23,H2 60m 6C_ramp 1.4 mL Flow Standards,15,LCA,size,,40,Ref 4,4,155.5,14.0,5510,59.012,1553,0.016,124.1,83.7,59.027,0,-310.956,0.064,0.2634472
03:59:23,H2 60m 6C_ramp 1.4 mL Flow Standards,15,LCA,size,,40,Ref 5,5,197.3,14.0,5510,58.858,1552,0.016,124.3,83.6,58.873,0,-311.076,-0.111,0.2634012
03:59:23,H2 60m 6C_ramp 1.4 mL Flow Standards,15,LCA,size,,40,C21 Alkane,6,1296.2,14.4,5809,28.296,1638,0.009,134.4,84.0,28.305,0,-184.283,183.915,0.3118792
03:59:23,H2 60m 6C_ramp 1.4 mL Flow Standards,15,LCA,size,,40,C23 Alkane,7,1469.3,15.0,6751,30.241,2071,0.011,138.6,84.5,30.251,0,-90.566,319.933,0.3477104
03:59:23,H2 60m 6C_ramp 1.4 mL Flow Standards,15,LCA,size,,40,C25 Alkane,8,1630.0,15.5,7150,31.779,1915,0.009,145.4,86.2,31.788,0,-219.960,132.134,0.2982383
03:59:23,H2 60m 6C_ramp 1.4 mL Flow Standards,15,LCA,size,,40,C27 Alkane,9,1779.8,15.3,7386,32.777,1986,0.010,154.9,88.6,32.787,0,-220.827,130.876,0.2979070
03:59:23,H2 60m 6C_ramp 1.4 mL Flow Standards,15,LCA,size,,40,C29 Alkane,10,1919.7,15.0,7694,34.579,2164,0.011,170.5,93.0,34.590,0,-201.914,158.325,0.3051380
03:59:23,H2 60m 6C_ramp 1.4 mL Flow Standards,15,LCA,size,,40,C31 Alkane,11,2051.5,15.7,8766,43.722,2702,0.014,200.3,102.0,43.736,0,-146.451,238.823,0.3263435
03:59:23,H2 60m 6C_ramp 1.4 mL Flow Standards,15,LCA,size,,40,C33 Alkane,12,2190.1,16.9,7342,43.051,2180,0.014,208.0,104.0,43.065,0,-154.692,226.862,0.3231926
03:59:23,H2 60m 6C_ramp 1.4 mL Flow Standards,15,LCA,size,,40,C35 Alkane,13,2358.8,19.6,5706,41.708,1498,0.013,210.0,105.1,41.720,0,-209.461,147.372,0.3022526
04:45:11,H2 60m 6C_ramp 1.4 mL Flow Standards,16,LCA,size,,30,Ref 1,1,30.1,13.8,5500,58.772,1550,0.015,123.4,82.9,58.788,0,-310.935,0.094,0.2633240
04:45:11,H2 60m 6C_ramp 1.4 mL Flow Standards,16,LCA,size,,30,Ref 2,2,71.9,13.8,5498,58.614,1549,0.015,123.6,83.2,58.629,0,-310.719,0.408,0.2634067
04:45:11,H2 60m 6C_ramp 1.4 mL Flow Standards,16,LCA,size,,30,Ref 3,3,113.7,13.8,5502,58.792,1550,0.015,123.9,83.3,58.808,1,-311.000,0.000,0.2632992
04:45:11,H2 60m 6C_ramp 1.4 mL Flow Standards,16,LCA,size,,30,Ref 4,4,155.5,14.0,5503,58.994,1551,0.016,124.0,82.7,59.009,0,-310.373,0.909,0.2635387
04:45:11,H2 60m 6C_ramp 1.4 mL Flow Standards,16,LCA,size,,30,Ref 5,5,197.3,14.0,5505,58.790,1552,0.015,124.2,83.3,58.805,0,-310.856,0.209,0.2633542
04:45:11,H2 60m 6C_ramp 1.4 mL Flow Standards,16,LCA,size,,30,C21 Alkane,6,1295.8,13.8,5124,23.285,1424,0.007,134.6,84.1,23.292,0,-181.957,187.290,0.3126126
04:45:11,H2 60m 6C_ramp 1.4 mL Flow Standards,16,LCA,size,,30,C23 Alkane,7,1468.9,14.4,6021,25.283,1840,0.009,138.7,84.6,25.292,0,-88.866,322.401,0.3481871
04:45:11,H2 60m 6C_ramp 1.4 mL Flow Standards,16,LCA,size,,30,C25 Alkane,8,1629.8,14.8,6411,26.836,1707,0.008,145.5,86.4,26.844,0,-218.032,134.932,0.2988268
04:45:11,H2 60m 6C_ramp 1.4 mL Flow Standards,16,LCA,size,,30,C27 Alkane,9,1779.4,14.6,6686,27.882,1797,0.008,155.8,89.0,27.891,0,-219.223,133.204,0.2983717
04:45:11,H2 60m 6C_ramp 1.4 mL Flow Standards,16,LCA,size,,30,C29 Alkane,10,1919.2,14.2,6904,29.274,1915,0.009,172.0,93.4,29.283,0,-200.496,160.383,0.3055280
04:45:11,H2 60m 6C_ramp 1.4 mL Flow Standards,16,LCA,size,,30,C31 Alkane,11,2051.1,14.8,7932,37.020,2409,0.012,200.4,101.8,37.032,0,-144.327,241.906,0.3269929
04:45:11,H2 60m 6C_ramp 1.4 mL Flow Standards,16,LCA,size,,30,C33 Alkane,12,2189.5,15.9,6701,36.470,1972,0.012,206.8,103.5,36.482,0,-152.613,229.880,0.3238264
04:45:11,H2 60m 6C_ramp 1.4 mL Flow Standards,16,LCA,size,,30,C35 Alkane,13,2358.1,18.6,5066,35.384,1352,0.011,209.3,104.4,35.395,0,-207.045,150.878,0.3030254
05:30:59,H2 60m 6C_ramp 1.4 mL Flow Standards,17,LCA,size,,20,Ref 1,1,30.1,13.8,5495,58.690,1549,0.015,123.0,82.9,58.705,0,-311.338,-0.490,0.2634898
05:30:59,H2 60m 6C_ramp 1.4 mL Flow Standards,17,LCA,size,,20,Ref 2,2,71.9,13.8,5496,58.537,1549,0.015,123.4,83.0,58.552,0,-311.642,-0.931,0.2633735
05:30:59,H2 60m 6C_ramp 1.4 mL Flow Standards,17,LCA,size,,20,Ref 3,3,113.7,14.0,5498,58.760,1550,0.015,123.6,82.7,58.775,1,-311.000,0.000,0.2636190
05:30:59,H2 60m 6C_ramp 1.4 mL Flow Standards,17,LCA,size,,20,Ref 4,4,155.5,14.0,5500,58.908,1550,0.016,123.8,83.0,58.923,0,-311.396,-0.575,0.2634675
05:30:59,H2 60m 6C_ramp 1.4 mL Flow Standards,17,LCA,size,,20,Ref 5,5,197.3,14.0,5499,58.598,1550,0.015,123.9,83.1,58.614,0,-311.465,-0.675,0.2634411
05:30:59,H2 60m 6C_ramp 1.4 mL Flow Standards,17,LCA,size,,20,C21 Alkane,6,1295.2,11.9,4728,17.206,1309,0.005,134.0,84.1,17.212,0,-180.661,189.171,0.3134881
05:30:59,H2 60m 6C_ramp 1.4 mL Flow Standards,17,LCA,size,,20,C23 Alkane,7,1468.0,11.9,5053,18.212,1552,0.006,138.0,84.6,18.219,0,-87.322,324.642,0.3492008
05:30:59,H2 60m 6C_ramp 1.4 mL Flow Standards,17,LCA,size,,20,C25 Alkane,8,1628.5,11.9,5303,19.077,1395,0.006,144.0,85.7,19.083,0,-214.849,139.551,0.3004073
05:30:59,H2 60m 6C_ramp 1.4 mL Flow Standards,17,LCA,size,,20,C27 Alkane,9,1778.2,11.7,5314,19.745,1436,0.006,153.0,87.9,19.751,0,-216.301,137.444,0.2998518
05:30:59,H2 60m 6C_ramp 1.4 mL Flow Standards,17,LCA,size,,20,C29 Alkane,10,1917.8,11.9,5503,20.697,1543,0.006,169.0,92.6,20.703,0,-197.874,164.188,0.3069021
05:30:59,H2 60m 6C_ramp 1.4 mL Flow Standards,17,LCA,size,,20,C31 Alkane,11,2049.7,12.7,6215,26.076,1886,0.009,197.2,101.2,26.085,0,-142.902,243.974,0.3279351
05:30:59,H2 60m 6C_ramp 1.4 mL Flow Standards,17,LCA,size,,20,C33 Alkane,12,2187.6,14.0,5257,25.602,1554,0.008,204.1,102.8,25.611,0,-150.360,233.150,0.3250817
05:30:59,H2 60m 6C_ramp 1.4 mL Flow Standards,17,LCA,size,,20,C35 Alkane,13,2355.6,16.3,4172,24.771,1082,0.008,206.0,103.0,24.778,0,-202.931,156.849,0.3049673
06:16:47,H2 60m 6C_ramp 1.4 mL Flow Standards,18,LCA,size,,15,Ref 1,1,30.1,13.8,5491,58.728,1546,0.015,123.1,83.0,58.744,0,-311.022,-0.032,0.2634167
06:16:47,H2 60m 6C_ramp 1.4 mL Flow Standards,18,LCA,size,,15,Ref 2,2,71.9,14.0,5490,58.777,1547,0.015,123.3,82.8,58.793,0,-310.913,0.127,0.2634585
06:16:47,H2 60m 6C_ramp 1.4 mL Flow Standards,18,LCA,size,,15,Ref 3,3,113.7,13.8,5496,58.604,1548,0.015,123.7,83.1,58.619,1,-311.000,0.000,0.2634252
06:16:47,H2 60m 6C_ramp 1.4 mL Flow Standards,18,LCA,size,,15,Ref 4,4,155.5,14.0,5498,58.888,1549,0.016,123.8,83.0,58.903,0,-311.100,-0.144,0.2633871
06:16:47,H2 60m 6C_ramp 1.4 mL Flow Standards,18,LCA,size,,15,Ref 5,5,197.3,14.0,5499,58.684,1550,0.015,124.1,82.9,58.699,0,-310.795,0.298,0.2635036
06:16:47,H2 60m 6C_ramp 1.4 mL Flow Standards,18,LCA,size,,15,C21 Alkane,6,1294.5,10.7,3747,11.949,1036,0.004,134.0,84.0,11.953,0,-175.587,196.536,0.3151978
06:16:47,H2 60m 6C_ramp 1.4 mL Flow Standards,18,LCA,size,,15,C23 Alkane,7,1467.2,10.7,3982,12.738,1222,0.004,137.4,84.5,12.743,0,-84.177,329.206,0.3501464
06:16:47,H2 60m 6C_ramp 1.4 mL Flow Standards,18,LCA,size,,15,C25 Alkane,8,1627.7,10.7,4097,13.421,1107,0.004,143.2,85.7,13.425,0,-210.296,146.160,0.3019273
06:16:47,H2 60m 6C_ramp 1.4 mL Flow Standards,18,LCA,size,,15,C27 Alkane,9,1777.1,10.7,4214,13.966,1138,0.004,152.4,87.8,13.970,0,-211.689,144.137,0.3013946
06:16:47,H2 60m 6C_ramp 1.4 mL Flow Standards,18,LCA,size,,15,C29 Alkane,10,1916.9,10.9,4293,14.734,1201,0.005,167.7,92.2,14.739,0,-192.736,171.646,0.3086412
06:16:47,H2 60m 6C_ramp 1.4 mL Flow Standards,18,LCA,size,,15,C31 Alkane,11,2048.4,11.5,4969,18.618,1517,0.006,196.1,101.0,18.624,0,-138.891,249.795,0.3292275
06:16:47,H2 60m 6C_ramp 1.4 mL Flow Standards,18,LCA,size,,15,C33 Alkane,12,2186.1,12.7,4282,18.319,1232,0.006,202.1,101.9,18.325,0,-144.903,241.069,0.3269289
06:16:47,H2 60m 6C_ramp 1.4 mL Flow Standards,18,LCA,size,,15,C35 Alkane,13,2353.5,14.8,3257,17.692,872,0.005,204.4,102.7,17.698,0,-198.342,163.509,0.3064977
07:02:36,H2 60m 6C_ramp 1.4 mL Flow Standards,19,LCA,size,,10,Ref 1,1,30.1,14.0,5488,58.750,1545,0.015,122.9,83.0,58.765,0,-310.977,0.034,0.2634115
07:02:36,H2 60m 6C_ramp 1.4 mL Flow Standards,19,LCA,size,,10,Ref 2,2,71.9,14.0,5486,58.714,1545,0.015,123.1,83.3,58.729,0,-310.946,0.079,0.2634233
07:02:36,H2 60m 6C_ramp 1.4 mL Flow Standards,19,LCA,size,,10,Ref 3,3,113.7,14.0,5488,58.593,1546,0.015,123.4,83.2,58.609,1,-311.000,0.000,0.2634026
07:02:36,H2 60m 6C_ramp 1.4 mL Flow Standards,19,LCA,size,,10,Ref 4,4,155.5,14.0,5492,58.856,1547,0.016,123.6,83.1,58.871,0,-310.834,0.241,0.2634660
07:02:36,H2 60m 6C_ramp 1.4 mL Flow Standards,19,LCA,size,,10,Ref 5,5,197.3,14.0,5493,58.594,1548,0.015,123.7,83.1,58.610,0,-310.821,0.260,0.2634712
07:02:36,H2 60m 6C_ramp 1.4 mL Flow Standards,19,LCA,size,,10,C21 Alkane,6,1295.2,9.2,2697,7.851,779,0.002,133.6,83.7,7.854,0,-169.609,205.211,0.3174559
07:02:36,H2 60m 6C_ramp 1.4 mL Flow Standards,19,LCA,size,,10,C23 Alkane,7,1467.6,9.2,2893,8.429,923,0.003,136.7,84.3,8.432,0,-79.188,336.447,0.3520237
07:02:36,H2 60m 6C_ramp 1.4 mL Flow Standards,19,LCA,size,,10,C25 Alkane,8,1628.1,9.4,3010,8.937,834,0.003,142.2,85.3,8.940,0,-203.764,155.639,0.3043985
07:02:36,H2 60m 6C_ramp 1.4 mL Flow Standards,19,LCA,size,,10,C27 Alkane,9,1777.5,10.0,3067,9.445,857,0.003,150.2,87.4,9.448,0,-207.737,149.874,0.3028799
07:02:36,H2 60m 6C_ramp 1.4 mL Flow Standards,19,LCA,size,,10,C29 Alkane,10,1917.2,9.6,3193,9.823,916,0.003,164.9,91.5,9.826,0,-186.657,180.469,0.3109385
07:02:36,H2 60m 6C_ramp 1.4 mL Flow Standards,19,LCA,size,,10,C31 Alkane,11,2048.6,10.2,3659,12.464,1132,0.004,192.6,99.5,12.468,0,-133.103,258.195,0.3314120
07:02:36,H2 60m 6C_ramp 1.4 mL Flow Standards,19,LCA,size,,10,C33 Alkane,12,2186.1,11.5,3176,12.335,962,0.004,197.9,101.0,12.339,0,-141.085,246.611,0.3283607
07:02:36,H2 60m 6C_ramp 1.4 mL Flow Standards,19,LCA,size,,10,C35 Alkane,13,2353.3,13.0,2516,11.790,684,0.004,201.3,101.6,11.794,0,-191.947,172.791,0.3089163
07:48:26,H2 60m 6C_ramp 1.4 mL Flow Standards,20,LCA,size,,5,Ref 1,1,30.1,13.8,5487,58.657,1545,0.015,122.9,82.9,58.672,0,-311.254,-0.368,0.2633484
07:48:26,H2 60m 6C_ramp 1.4 mL Flow Standards,20,LCA,size,,5,Ref 2,2,71.9,14.0,5487,58.695,1546,0.015,123.1,83.0,58.710,0,-310.800,0.291,0.2635220
07:48:26,H2 60m 6C_ramp 1.4 mL Flow Standards,20,LCA,size,,5,Ref 3,3,113.7,14.0,5490,58.637,1547,0.015,123.5,83.1,58.652,1,-311.000,0.000,0.2634454
07:48:26,H2 60m 6C_ramp 1.4 mL Flow Standards,20,LCA,size,,5,Ref 4,4,155.5,14.0,5491,58.680,1548,0.015,123.6,83.1,58.695,0,-311.081,-0.117,0.2634146
07:48:26,H2 60m 6C_ramp 1.4 mL Flow Standards,20,LCA,size,,5,Ref 5,5,197.3,14.0,5493,58.666,1548,0.015,123.8,83.1,58.681,0,-310.965,0.051,0.2634587
07:48:26,H2 60m 6C_ramp 1.4 mL Flow Standards,20,LCA,size,,5,C21 Alkane,6,1293.1,8.8,1818,5.019,535,0.002,133.8,83.9,5.020,0,-163.199,214.516,0.3199586
07:48:26,H2 60m 6C_ramp 1.4 mL Flow Standards,20,LCA,size,,5,C23 Alkane,7,1465.5,8.6,1947,5.365,635,0.002,137.4,84.3,5.367,0,-73.509,344.689,0.3542521
07:48:26,H2 60m 6C_ramp 1.4 mL Flow Standards,20,LCA,size,,5,C25 Alkane,8,1626.0,8.6,2056,5.646,585,0.002,142.1,85.6,5.648,0,-197.127,165.273,0.3069857
07:48:26,H2 60m 6C_ramp 1.4 mL Flow Standards,20,LCA,size,,5,C27 Alkane,9,1775.5,9.0,2082,5.924,594,0.002,150.8,87.5,5.926,0,-199.275,162.155,0.3061645
07:48:26,H2 60m 6C_ramp 1.4 mL Flow Standards,20,LCA,size,,5,C29 Alkane,10,1915.1,8.8,2126,6.190,631,0.002,165.2,91.2,6.192,0,-177.437,193.851,0.3145146
07:48:26,H2 60m 6C_ramp 1.4 mL Flow Standards,20,LCA,size,,5,C31 Alkane,11,2046.5,9.4,2505,7.833,790,0.003,193.7,100.4,7.836,0,-128.537,264.822,0.3332116
07:48:26,H2 60m 6C_ramp 1.4 mL Flow Standards,20,LCA,size,,5,C33 Alkane,12,2183.8,10.0,2164,7.712,665,0.003,199.6,101.5,7.715,0,-134.066,256.798,0.3310976
07:48:26,H2 60m 6C_ramp 1.4 mL Flow Standards,20,LCA,size,,5,C35 Alkane,13,2350.6,11.5,1744,7.374,497,0.002,202.0,102.1,7.376,0,-185.039,182.818,0.3116079
08:34:14,H2 60m 6C_ramp 1.4 mL Flow Standards,21,C4,control,,20,Ref 1,1,30.1,13.8,5487,58.526,1547,0.015,122.9,82.8,58.541,0,-310.751,0.362,0.2635909
08:34:14,H2 60m 6C_ramp 1.4 mL Flow Standards,21,C4,control,,20,Ref 2,2,71.9,14.0,5486,58.658,1546,0.015,123.1,83.2,58.673,0,-311.091,-0.131,0.2634610
08:34:14,H2 60m 6C_ramp 1.4 mL Flow Standards,21,C4,control,,20,Ref 3,3,113.7,14.0,5490,58.584,1548,0.015,123.5,83.0,58.600,1,-311.000,0.000,0.2634956
08:34:14,H2 60m 6C_ramp 1.4 mL Flow Standards,21,C4,control,,20,Ref 4,4,155.5,14.0,5493,58.720,1547,0.015,123.6,82.9,58.735,0,-310.963,0.054,0.2635098
08:34:14,H2 60m 6C_ramp 1.4 mL Flow Standards,21,C4,control,,20,Ref 5,5,197.3,14.0,5494,58.715,1548,0.015,123.8,82.9,58.730,0,-310.885,0.167,0.2635397
08:34:14,H2 60m 6C_ramp 1.4 mL Flow Standards,21,C4,control,,20,C17 Alkane,6,923.2,10.0,5418,16.674,1613,0.005,133.8,84.9,16.679,0,-140.749,247.098,0.3286049
08:34:14,H2 60m 6C_ramp 1.4 mL Flow Standards,21,C4,control,,20,C19 Alkane,7,1112.9,10.0,5029,16.642,1564,0.006,134.4,84.6,16.648,0,-75.397,341.949,0.3535978
08:34:14,H2 60m 6C_ramp 1.4 mL Flow Standards,21,C4,control,,20,C21 Alkane,8,1297.1,10.9,5325,18.110,1421,0.006,136.0,84.4,18.116,0,-195.328,167.884,0.3077324
08:34:14,H2 60m 6C_ramp 1.4 mL Flow Standards,21,C4,control,,20,C23 Alkane,9,1469.7,11.5,5862,21.153,1785,0.007,140.3,85.1,21.161,0,-88.369,323.122,0.3486369
08:34:14,H2 60m 6C_ramp 1.4 mL Flow Standards,21,C4,control,,20,C25 Alkane,10,1630.4,11.7,6053,22.726,1493,0.006,149.3,87.3,22.732,0,-268.876,61.138,0.2796052
09:20:05,H2 60m 6C_ramp 1.4 mL Flow Standards,22,C4,control,,20,Ref 1,1,30.1,14.0,5487,58.667,1546,0.015,122.7,83.3,58.682,0,-311.137,-0.198,0.2634020
09:20:05,H2 60m 6C_ramp 1.4 mL Flow Standards,22,C4,control,,20,Ref 2,2,71.9,14.0,5488,58.757,1547,0.015,123.1,83.2,58.772,0,-310.880,0.174,0.2634999
09:20:05,H2 60m 6C_ramp 1.4 mL Flow Standards,22,C4,control,,20,Ref 3,3,113.7,14.0,5488,58.675,1547,0.015,123.3,83.3,58.690,1,-311.000,0.000,0.2634542
09:20:05,H2 60m 6C_ramp 1.4 mL Flow Standards,22,C4,control,,20,Ref 4,4,155.7,13.8,5491,58.591,1547,0.015,123.4,83.2,58.606,0,-310.887,0.164,0.2634973
09:20:05,H2 60m 6C_ramp 1.4 mL Flow Standards,22,C4,control,,20,Ref 5,5,197.5,13.8,5492,58.579,1548,0.015,123.6,83.3,58.594,0,-310.879,0.175,0.2635003
09:20:05,H2 60m 6C_ramp 1.4 mL Flow Standards,22,C4,control,,20,C17 Alkane,6,920.6,13.6,5021,17.442,1493,0.006,133.8,85.0,17.448,0,-141.271,246.341,0.3283537
09:20:05,H2 60m 6C_ramp 1.4 mL Flow Standards,22,C4,control,,20,C19 Alkane,7,1111.0,11.1,4662,16.772,1468,0.006,134.5,85.0,16.778,0,-74.983,342.550,0.3537003
09:20:05,H2 60m 6C_ramp 1.4 mL Flow Standards,22,C4,control,,20,C21 Alkane,8,1295.2,11.9,5010,18.085,1361,0.006,136.7,84.9,18.091,0,-194.722,168.764,0.3079158
09:20:05,H2 60m 6C_ramp 1.4 mL Flow Standards,22,C4,control,,20,-,9,1468.0,12.5,5641,21.007,1708,0.007,141.9,86.2,21.014,0,-88.504,322.926,0.3485303
09:20:05,H2 60m 6C_ramp 1.4 mL Flow Standards,22,C4,control,,20,C25 Alkane,10,1628.7,12.5,5854,22.442,1455,0.006,150.3,88.2,22.448,0,-268.817,61.224,0.2795839
10:05:55,H2 60m 6C_ramp 1.4 mL Flow Standards,23,ACAL2,standard_control_drift,,20,Ref 1,1,30.1,13.8,5482,58.667,1544,0.015,122.6,83.1,58.682,0,-311.585,-0.849,0.2633179
10:05:55,H2 60m 6C_ramp 1.4 mL Flow Standards,23,ACAL2,standard_control_drift,,20,Ref 2,2,71.9,14.0,5480,58.628,1544,0.015,122.7,82.8,58.643,0,-311.137,-0.199,0.2634893
10:05:55,H2 60m 6C_ramp 1.4 mL Flow Standards,23,ACAL2,standard_control_drift,,20,Ref 3,3,113.7,14.0,5484,58.539,1545,0.015,123.1,82.8,58.555,1,-311.000,0.000,0.2635417
10:05:55,H2 60m 6C_ramp 1.4 mL Flow Standards,23,ACAL2,standard_control_drift,,20,Ref 4,4,155.5,14.0,5486,58.767,1545,0.015,123.2,83.0,58.782,0,-311.274,-0.398,0.2634367
10:05:55,H2 60m 6C_ramp 1.4 mL Flow Standards,23,ACAL2,standard_control_drift,,20,Ref 5,5,197.3,14.0,5485,58.442,1545,0.015,123.4,83.0,58.458,0,-311.314,-0.456,0.2634216
10:05:55,H2 60m 6C_ramp 1.4 mL Flow Standards,23,ACAL2,standard_control_drift,,20,C23 Alkane,6,1467.8,13.0,4076,16.051,1272,0.006,137.8,84.7,16.056,0,-84.421,328.852,0.3502079
10:05:55,H2 60m 6C_ramp 1.4 mL Flow Standards,23,ACAL2,standard_control_drift,,20,C20 FAME,7,1491.4,12.7,3978,14.841,1321,0.006,155.0,88.0,14.846,0,-27.140,411.988,0.3721178
10:05:55,H2 60m 6C_ramp 1.4 mL Flow Standards,23,ACAL2,standard_control_drift,,20,C25 Alkane,8,1628.5,13.2,4525,16.913,1128,0.005,143.4,85.7,16.917,0,-265.198,66.477,0.2810611
10:05:55,H2 60m 6C_ramp 1.4 mL Flow Standards,23,ACAL2,standard_control_drift,,20,C27 Alkane,9,1778.2,13.2,4764,17.501,1333,0.005,152.2,87.8,17.507,0,-186.409,180.828,0.3111974
10:05:55,H2 60m 6C_ramp 1.4 mL Flow Standards,23,ACAL2,standard_control_drift,,20,C29 Alkane,10,1918.0,12.7,5072,18.882,1590,0.006,166.5,92.2,18.889,0,-103.936,300.528,0.3427433
10:05:55,H2 60m 6C_ramp 1.4 mL Flow Standards,23,ACAL2,standard_control_drift,,20,C31 Alkane,11,2049.0,12.5,5097,19.497,1307,0.005,203.4,103.2,19.502,0,-276.576,49.962,0.2767088
10:05:55,H2 60m 6C_ramp 1.4 mL Flow Standards,23,ACAL2,standard_control_drift,,20,C30 FAME,12,2214.6,13.0,4095,18.242,1121,0.006,201.6,101.9,18.248,0,-195.518,167.609,0.3077135
10:51:43,H2 60m 6C_ramp 1.4 mL Flow Standards,24,ACAL2,standard_control_drift,,20,Ref 1,1,30.1,13.8,5475,58.561,1542,0.015,122.2,83.0,58.576,0,-310.917,0.121,0.2633478
10:51:43,H2 60m 6C_ramp 1.4 mL Flow Standards,24,ACAL2,standard_control_drift,,20,Ref 2,2,71.9,14.0,5474,58.486,1542,0.015,122.3,82.7,58.502,0,-310.661,0.493,0.2634456
10:51:43,H2 60m 6C_ramp 1.4 mL Flow Standards,24,ACAL2,standard_control_drift,,20,Ref 3,3,113.7,14.0,5476,58.427,1542,0.015,122.6,82.9,58.442,1,-311.000,0.000,0.2633160
10:51:43,H2 60m 6C_ramp 1.4 mL Flow Standards,24,ACAL2,standard_control_drift,,20,Ref 4,4,155.5,14.0,5478,58.646,1543,0.015,122.7,82.9,58.662,0,-310.754,0.357,0.2634099
10:51:43,H2 60m 6C_ramp 1.4 mL Flow Standards,24,ACAL2,standard_control_drift,,20,Ref 5,5,197.3,14.0,5479,58.418,1544,0.015,122.9,82.9,58.433,0,-310.776,0.325,0.2634015
10:51:43,H2 60m 6C_ramp 1.4 mL Flow Standards,24,ACAL2,standard_control_drift,,20,C23 Alkane,6,1467.8,11.1,4870,16.541,1498,0.006,135.4,84.2,16.547,0,-84.430,328.838,0.3499044
10:51:43,H2 60m 6C_ramp 1.4 mL Flow Standards,24,ACAL2,standard_control_drift,,20,C20 FAME,7,1491.4,11.3,4673,15.310,1533,0.006,150.7,87.3,15.316,0,-27.836,410.978,0.3715329
10:51:43,H2 60m 6C_ramp 1.4 mL Flow Standards,24,ACAL2,standard_control_drift,,20,C25 Alkane,8,1628.3,11.1,4921,17.180,1221,0.005,141.7,85.6,17.185,0,-265.297,66.332,0.2807822
10:51:43,H2 60m 6C_ramp 1.4 mL Flow Standards,24,ACAL2,standard_control_drift,,20,C27 Alkane,9,1778.0,11.3,4938,17.628,1370,0.005,149.3,86.9,17.633,0,-186.621,180.521,0.3108500
10:51:43,H2 60m 6C_ramp 1.4 mL Flow Standards,24,ACAL2,standard_control_drift,,20,C29 Alkane,10,1917.6,11.3,5147,18.914,1590,0.006,163.2,90.8,18.921,0,-103.276,301.486,0.3427020
10:51:43,H2 60m 6C_ramp 1.4 mL Flow Standards,24,ACAL2,standard_control_drift,,20,C31 Alkane,11,2048.8,11.7,5111,19.517,1326,0.005,198.7,101.6,19.522,0,-275.528,51.484,0.2768724
10:51:43,H2 60m 6C_ramp 1.4 mL Flow Standards,24,ACAL2,standard_control_drift,,20,C30 FAME,12,2214.1,13.0,4092,18.129,1126,0.006,200.3,101.7,18.135,0,-195.546,167.567,0.3074391
11:47:59,H2 60m 6C_ramp Alkane_Samples,25,VA-09,sample,,20,Ref 1,1,30.1,13.8,5462,58.392,1537,0.015,121.6,82.3,58.407,0,-310.545,0.661,0.2634241
11:47:59,H2 60m 6C_ramp Alkane_Samples,25,VA-09,sample,,20,Ref 2,2,71.9,13.8,5460,58.381,1537,0.015,121.9,82.5,58.396,0,-310.850,0.218,0.2633076
11:47:59,H2 60m 6C_ramp Alkane_Samples,25,VA-09,sample,,20,Ref 3,3,113.7,13.8,5461,58.293,1537,0.015,122.0,82.3,58.309,1,-311.000,0.000,0.2632502
11:47:59,H2 60m 6C_ramp Alkane_Samples,25,VA-09,sample,,20,Ref 4,4,155.5,14.0,5465,58.495,1539,0.015,122.2,82.2,58.510,0,-310.451,0.797,0.2634599
11:47:59,H2 60m 6C_ramp Alkane_Samples,25,VA-09,sample,,20,Ref 5,5,197.3,14.0,5467,58.412,1539,0.015,122.4,82.7,58.428,0,-310.628,0.540,0.2633923
11:47:59,H2 60m 6C_ramp Alkane_Samples,25,VA-09,sample,,20,C25 Alkane,6,1626.2,8.8,2091,5.751,619,0.002,155.4,89.2,5.753,0,-153.381,228.765,0.3234727
11:47:59,H2 60m 6C_ramp Alkane_Samples,25,VA-09,sample,,20,C27 Alkane,7,1776.1,6.9,1559,4.508,475,0.001,169.1,93.0,4.510,0,-157.371,222.975,0.3219483
11:47:59,H2 60m 6C_ramp Alkane_Samples,25,VA-09,sample,,20,,8,1859.9,9.4,509,1.529,155,0.000,186.6,98.7,1.530,0,-195.193,168.080,0.3074972
11:47:59,H2 60m 6C_ramp Alkane_Samples,25,VA-09,sample,,20,C29 Alkane,9,1915.7,7.3,943,2.586,308,0.001,188.8,98.7,2.587,0,-128.462,264.932,0.3329936
11:47:59,H2 60m 6C_ramp Alkane_Samples,25,VA-09,sample,,20,C31 Alkane,10,2050.1,12.5,5826,23.285,1727,0.008,227.7,110.9,23.293,0,-156.466,224.288,0.3222940
11:47:59,H2 60m 6C_ramp Alkane_Samples,25,VA-09,sample,,20,C33 Alkane,11,2187.4,13.0,4409,19.272,1290,0.006,235.9,112.8,19.278,0,-159.186,220.340,0.3212546
12:48:51,H2 60m 6C_ramp Alkane_Samples,26,VA-09,sample,,20,Ref 1,1,30.1,14.0,5447,58.199,1533,0.015,121.5,82.8,58.214,0,-311.358,-0.520,0.2632559
12:48:51,H2 60m 6C_ramp Alkane_Samples,26,VA-09,sample,,20,Ref 2,2,71.9,14.0,5445,58.174,1532,0.015,121.7,82.8,58.189,0,-311.144,-0.210,0.2633376
12:48:51,H2 60m 6C_ramp Alkane_Samples,26,VA-09,sample,,20,Ref 3,3,113.7,14.0,5448,58.210,1534,0.015,121.9,82.7,58.226,1,-311.000,0.000,0.2633928
12:48:51,H2 60m 6C_ramp Alkane_Samples,26,VA-09,sample,,20,Ref 4,4,155.5,14.0,5452,58.346,1535,0.015,122.1,82.8,58.362,0,-311.141,-0.204,0.2633390
12:48:51,H2 60m 6C_ramp Alkane_Samples,26,VA-09,sample,,20,Ref 5,5,197.3,14.0,5451,58.259,1534,0.015,122.2,82.8,58.275,0,-311.185,-0.268,0.2633221
12:48:51,H2 60m 6C_ramp Alkane_Samples,26,VA-09,sample,,20,C25 Alkane,6,1625.2,9.0,2036,5.730,605,0.002,155.4,90.0,5.732,0,-156.259,224.588,0.3225477
12:48:51,H2 60m 6C_ramp Alkane_Samples,26,VA-09,sample,,20,-,7,1775.0,6.7,1557,4.460,475,0.001,170.1,93.9,4.462,0,-161.047,217.639,0.3207173
12:48:51,H2 60m 6C_ramp Alkane_Samples,26,VA-09,sample,,20,,8,1858.8,9.6,509,1.533,157,0.000,189.0,99.8,1.533,0,-191.950,172.787,0.3089037
12:48:51,H2 60m 6C_ramp Alkane_Samples,26,VA-09,sample,,20,C29 Alkane,9,1914.4,7.3,952,2.616,307,0.001,200.3,103.4,2.617,0,-133.570,257.518,0.3312212
12:48:51,H2 60m 6C_ramp Alkane_Samples,26,VA-09,sample,,20,C31 Alkane,10,2049.0,12.3,5799,23.258,1708,0.007,227.3,111.3,23.265,0,-157.162,223.277,0.3222025
12:48:51,H2 60m 6C_ramp Alkane_Samples,26,VA-09,sample,,20,C33 Alkane,11,2186.3,12.7,4349,19.292,1287,0.006,239.9,114.3,19.298,0,-159.373,220.068,0.3213572
13:49:45,H2 60m 6C_ramp Alkane_Samples,27,VA-10,sample,,20,Ref 1,1,30.1,14.0,5428,57.967,1528,0.015,120.5,82.2,57.982,0,-311.139,-0.201,0.2633129
13:49:45,H2 60m 6C_ramp Alkane_Samples,27,VA-10,sample,,20,Ref 2,2,71.9,14.0,5427,57.893,1527,0.015,120.8,82.2,57.908,0,-310.999,0.001,0.2633662
13:49:45,H2 60m 6C_ramp Alkane_Samples,27,VA-10,sample,,20,Ref 3,3,113.7,14.0,5431,58.012,1528,0.015,121.0,82.4,58.027,1,-311.000,0.000,0.2633659
13:49:45,H2 60m 6C_ramp Alkane_Samples,27,VA-10,sample,,20,Ref 4,4,155.5,14.0,5434,58.040,1529,0.015,121.2,82.3,58.055,0,-311.069,-0.100,0.2633397
13:49:45,H2 60m 6C_ramp Alkane_Samples,27,VA-10,sample,,20,Ref 5,5,197.3,14.0,5435,58.074,1530,0.015,121.4,82.3,58.089,0,-311.181,-0.262,0.2632969
13:49:45,H2 60m 6C_ramp Alkane_Samples,27,VA-10,sample,,20,C25 Alkane,6,1626.0,9.0,1364,3.933,426,0.001,138.3,84.7,3.934,0,-142.443,244.640,0.3277958
13:49:45,H2 60m 6C_ramp Alkane_Samples,27,VA-10,sample,,20,C27 Alkane,7,1775.7,7.5,846,2.331,270,0.001,146.9,86.2,2.332,0,-131.132,261.057,0.3321194
13:49:45,H2 60m 6C_ramp Alkane_Samples,27,VA-10,sample,,20,C29 Alkane,8,1915.5,6.9,532,1.497,177,0.001,170.8,94.0,1.498,0,-119.696,277.655,0.3364907
13:49:45,H2 60m 6C_ramp Alkane_Samples,27,VA-10,sample,,20,C31 Alkane,9,2050.1,13.0,5471,21.592,1614,0.007,193.4,100.5,21.599,0,-160.301,218.722,0.3209698
13:49:45,H2 60m 6C_ramp Alkane_Samples,27,VA-10,sample,,20,C33 Alkane,10,2189.9,16.1,6412,34.831,1784,0.011,209.8,105.2,34.842,0,-188.280,178.113,0.3102748
13:49:45,H2 60m 6C_ramp Alkane_Samples,27,VA-10,sample,,20,C35 Alkane,11,2351.5,10.2,1144,4.585,342,0.001,217.7,107.6,4.587,0,-165.974,210.488,0.3188013
14:50:40,H2 60m 6C_ramp Alkane_Samples,28,VA-10,sample,,20,Ref 1,1,30.1,14.0,5421,57.875,1525,0.015,120.3,81.7,57.890,0,-310.806,0.282,0.2632998
14:50:40,H2 60m 6C_ramp Alkane_Samples,28,VA-10,sample,,20,Ref 2,2,71.9,14.0,5420,57.949,1526,0.015,120.7,82.1,57.965,0,-310.985,0.022,0.2632313
14:50:40,H2 60m 6C_ramp Alkane_Samples,28,VA-10,sample,,20,Ref 3,3,113.7,14.0,5424,58.023,1526,0.015,120.9,82.2,58.038,1,-311.000,0.000,0.2632255
14:50:40,H2 60m 6C_ramp Alkane_Samples,28,VA-10,sample,,20,Ref 4,4,155.5,14.0,5427,57.999,1527,0.015,121.0,81.7,58.014,0,-310.499,0.727,0.2634167
14:50:40,H2 60m 6C_ramp Alkane_Samples,28,VA-10,sample,,20,Ref 5,5,197.3,14.0,5427,57.946,1527,0.015,121.2,82.3,57.961,0,-310.959,0.060,0.2632412
14:50:40,H2 60m 6C_ramp Alkane_Samples,28,VA-10,sample,,20,C25 Alkane,6,1624.8,9.0,1372,3.882,425,0.001,137.4,83.9,3.884,0,-141.061,246.645,0.3281488
14:50:40,H2 60m 6C_ramp Alkane_Samples,28,VA-10,sample,,20,C27 Alkane,7,1774.6,7.3,836,2.297,267,0.001,145.9,85.8,2.298,0,-131.466,260.572,0.3318146
14:50:40,H2 60m 6C_ramp Alkane_Samples,28,VA-10,sample,,20,C29 Alkane,8,1914.4,6.7,512,1.438,170,0.000,160.9,90.0,1.438,0,-116.102,282.871,0.3376844
14:50:40,H2 60m 6C_ramp Alkane_Samples,28,VA-10,sample,,20,C31 Alkane,9,2049.0,12.3,5484,21.360,1621,0.007,190.8,98.6,21.367,0,-158.841,220.840,0.3213563
14:50:40,H2 60m 6C_ramp Alkane_Samples,28,VA-10,sample,,20,C33 Alkane,10,2188.9,15.9,6421,34.547,1779,0.011,208.5,104.5,34.558,0,-187.686,178.976,0.3103365
14:50:40,H2 60m 6C_ramp Alkane_Samples,28,VA-10,sample,,20,C35 Alkane,11,2350.4,10.2,1136,4.530,342,0.001,215.3,106.4,4.531,0,-164.592,212.494,0.3191593
15:51:33,H2 60m 6C_ramp Alkane_Samples,29,VA-13,sample,,20,Ref 1,1,30.1,14.0,5410,57.695,1522,0.015,119.9,81.5,57.710,0,-310.930,0.101,0.2633614
15:51:33,H2 60m 6C_ramp Alkane_Samples,29,VA-13,sample,,20,Ref 2,2,71.9,14.0,5410,57.699,1522,0.015,120.2,81.7,57.715,0,-310.937,0.091,0.2633589
15:51:33,H2 60m 6C_ramp Alkane_Samples,29,VA-13,sample,,20,Ref 3,3,113.7,14.0,5414,57.647,1523,0.015,120.5,81.9,57.662,1,-311.000,0.000,0.2633348
15:51:33,H2 60m 6C_ramp Alkane_Samples,29,VA-13,sample,,20,Ref 4,4,155.5,14.0,5418,58.069,1524,0.015,120.6,82.0,58.085,0,-311.146,-0.212,0.2632789
15:51:33,H2 60m 6C_ramp Alkane_Samples,29,VA-13,sample,,20,Ref 5,5,197.3,14.0,5418,57.806,1525,0.015,120.7,82.1,57.821,0,-311.149,-0.217,0.2632777
15:51:33,H2 60m 6C_ramp Alkane_Samples,29,VA-13,sample,,20,C25 Alkane,6,1624.6,10.0,1767,5.252,535,0.002,158.5,90.2,5.254,0,-155.279,226.011,0.3228513
15:51:33,H2 60m 6C_ramp Alkane_Samples,29,VA-13,sample,,20,C27 Alkane,7,1774.6,8.8,1347,3.866,417,0.001,177.4,95.8,3.867,0,-148.953,235.191,0.3252689
15:51:33,H2 60m 6C_ramp Alkane_Samples,29,VA-13,sample,,20,,8,1859.5,11.5,1766,5.412,508,0.002,202.1,103.1,5.413,0,-217.375,135.885,0.2991180
15:51:33,H2 60m 6C_ramp Alkane_Samples,29,VA-13,sample,,20,C29 Alkane,9,1914.2,7.3,857,2.383,277,0.001,202.7,103.2,2.383,0,-136.334,253.506,0.3300918
15:51:33,H2 60m 6C_ramp Alkane_Samples,29,VA-13,sample,,20,C31 Alkane,10,2048.8,13.6,5891,24.253,1736,0.008,239.2,114.4,24.260,0,-159.472,219.925,0.3212486
15:51:33,H2 60m 6C_ramp Alkane_Samples,29,VA-13,sample,,20,C33 Alkane,11,2186.6,13.6,4784,21.690,1364,0.007,258.8,120.7,21.697,0,-166.226,210.121,0.3186671
15:51:33,H2 60m 6C_ramp Alkane_Samples,29,VA-13,sample,,20,,12,2348.7,8.6,505,1.939,165,0.001,260.3,121.0,1.940,0,-134.835,255.682,0.3306647
16:52:27,H2 60m 6C_ramp Alkane_Samples,30,VA-13,sample,,20,Ref 1,1,30.1,14.0,5408,57.809,1522,0.015,119.7,82.0,57.824,0,-311.220,-0.320,0.2633354
16:52:27,H2 60m 6C_ramp Alkane_Samples,30,VA-13,sample,,20,Ref 2,2,71.9,14.0,5409,57.815,1522,0.015,120.1,82.3,57.830,0,-311.354,-0.514,0.2632842
16:52:27,H2 60m 6C_ramp Alkane_Samples,30,VA-13,sample,,20,Ref 3,3,113.7,14.0,5412,57.872,1523,0.015,120.2,81.9,57.887,1,-311.000,0.000,0.2634196
16:52:27,H2 60m 6C_ramp Alkane_Samples,30,VA-13,sample,,20,Ref 4,4,155.5,14.0,5415,57.863,1524,0.015,120.4,82.1,57.879,0,-311.351,-0.509,0.2632856
16:52:27,H2 60m 6C_ramp Alkane_Samples,30,VA-13,sample,,20,Ref 5,5,197.3,14.0,5415,57.868,1525,0.015,120.5,82.3,57.883,0,-310.984,0.024,0.2634258
16:52:27,H2 60m 6C_ramp Alkane_Samples,30,VA-13,sample,,20,C25 Alkane,6,1625.2,10.0,1760,5.270,531,0.002,159.9,91.4,5.272,0,-157.455,222.851,0.3221230
16:52:27,H2 60m 6C_ramp Alkane_Samples,30,VA-13,sample,,20,C27 Alkane,7,1775.0,9.0,1368,3.906,423,0.001,179.2,96.8,3.907,0,-151.220,231.901,0.3245068
16:52:27,H2 60m 6C_ramp Alkane_Samples,30,VA-13,sample,,20,,8,1859.9,11.3,1781,5.446,512,0.002,205.4,104.8,5.447,0,-218.958,133.587,0.2986091
16:52:27,H2 60m 6C_ramp Alkane_Samples,30,VA-13,sample,,20,C29 Alkane,9,1914.6,7.3,849,2.389,278,0.001,207.2,104.7,2.389,0,-131.850,260.015,0.3319126
16:52:27,H2 60m 6C_ramp Alkane_Samples,30,VA-13,sample,,20,C31 Alkane,10,2049.5,13.6,5929,24.313,1742,0.008,246.7,117.2,24.321,0,-159.879,219.334,0.3211964
16:52:27,H2 60m 6C_ramp Alkane_Samples,30,VA-13,sample,,20,C33 Alkane,11,2187.0,13.6,4680,21.781,1344,0.007,266.3,123.3,21.788,0,-165.905,210.587,0.3188924
17:53:20,H2 60m 6C_ramp Alkane_Samples,31,VA-18,sample,,20,Ref 1,1,30.1,14.0,5410,57.775,1522,0.015,120.0,82.2,57.790,0,-310.757,0.353,0.2633702
17:53:20,H2 60m 6C_ramp Alkane_Samples,31,VA-18,sample,,20,Ref 2,2,71.9,14.0,5408,57.786,1521,0.015,120.3,82.4,57.802,0,-310.941,0.086,0.2632999
17:53:20,H2 60m 6C_ramp Alkane_Samples,31,VA-18,sample,,20,Ref 3,3,113.7,14.0,5411,57.964,1522,0.015,120.4,82.3,57.979,1,-311.000,0.000,0.2632774
17:53:20,H2 60m 6C_ramp Alkane_Samples,31,VA-18,sample,,20,Ref 4,4,155.5,14.0,5415,58.016,1524,0.015,120.6,82.3,58.031,0,-310.936,0.093,0.2633018
17:53:20,H2 60m 6C_ramp Alkane_Samples,31,VA-18,sample,,20,Ref 5,5,197.3,14.0,5414,57.948,1524,0.015,120.7,82.4,57.964,0,-310.757,0.353,0.2633702
17:53:20,H2 60m 6C_ramp Alkane_Samples,31,VA-18,sample,,20,C25 Alkane,6,1625.4,10.0,2984,9.096,873,0.003,142.7,86.0,9.099,0,-146.324,239.008,0.3262027
17:53:20,H2 60m 6C_ramp Alkane_Samples,31,VA-18,sample,,20,C27 Alkane,7,1774.8,8.6,1949,5.347,596,0.002,153.4,88.7,5.349,0,-138.407,250.498,0.3292277
17:53:20,H2 60m 6C_ramp Alkane_Samples,31,VA-18,sample,,20,C29 Alkane,8,1914.0,6.9,616,1.690,204,0.001,172.5,93.7,1.691,0,-123.279,272.454,0.3350084
17:53:20,H2 60m 6C_ramp Alkane_Samples,31,VA-18,sample,,20,C31 Alkane,9,2048.6,12.3,5836,23.789,1690,0.008,206.6,104.6,23.796,0,-174.182,198.575,0.3155578
17:53:20,H2 60m 6C_ramp Alkane_Samples,31,VA-18,sample,,20,C33 Alkane,10,2189.3,17.1,7723,45.480,2151,0.014,226.9,110.5,45.494,0,-190.063,175.525,0.3094892
17:53:20,H2 60m 6C_ramp Alkane_Samples,31,VA-18,sample,,20,C35 Alkane,11,2350.0,10.9,1393,5.791,410,0.002,235.2,113.1,5.792,0,-169.565,205.275,0.3173217
18:54:11,H2 60m 6C_ramp Alkane_Samples,32,VA-18,sample,,20,Ref 1,1,30.1,14.0,5403,57.633,1520,0.015,120.0,81.4,57.649,0,-310.610,0.566,0.2634847
18:54:11,H2 60m 6C_ramp Alkane_Samples,32,VA-18,sample,,20,Ref 2,2,71.9,14.0,5407,57.774,1521,0.015,120.2,81.4,57.790,0,-310.736,0.383,0.2634365
18:54:11,H2 60m 6C_ramp Alkane_Samples,32,VA-18,sample,,20,Ref 3,3,113.7,14.0,5408,57.748,1522,0.015,120.4,81.9,57.763,1,-311.000,0.000,0.2633357
18:54:11,H2 60m 6C_ramp Alkane_Samples,32,VA-18,sample,,20,Ref 4,4,155.5,14.0,5413,57.908,1523,0.015,120.6,82.0,57.923,0,-311.270,-0.392,0.2632323
18:54:11,H2 60m 6C_ramp Alkane_Samples,32,VA-18,sample,,20,Ref 5,5,197.3,14.0,5414,57.943,1524,0.015,120.8,81.8,57.959,0,-310.662,0.491,0.2634650
18:54:11,H2 60m 6C_ramp Alkane_Samples,32,VA-18,sample,,20,C25 Alkane,6,1625.2,9.6,3092,9.106,898,0.003,142.1,85.4,9.109,0,-145.789,239.784,0.3264794
18:54:11,H2 60m 6C_ramp Alkane_Samples,32,VA-18,sample,,20,C27 Alkane,7,1774.4,8.2,1908,5.311,592,0.002,152.3,88.0,5.312,0,-137.771,251.420,0.3295436
18:54:11,H2 60m 6C_ramp Alkane_Samples,32,VA-18,sample,,20,C29 Alkane,8,1913.6,6.9,616,1.679,203,0.001,170.0,92.8,1.679,0,-126.661,267.546,0.3337900
18:54:11,H2 60m 6C_ramp Alkane_Samples,32,VA-18,sample,,20,C31 Alkane,9,2048.4,12.3,5851,23.663,1682,0.007,203.2,102.8,23.670,0,-173.982,198.866,0.3157041
18:54:11,H2 60m 6C_ramp Alkane_Samples,32,VA-18,sample,,20,C33 Alkane,10,2188.9,16.9,7585,45.210,2200,0.014,223.8,109.3,45.224,0,-190.331,175.136,0.3094552
18:54:11,H2 60m 6C_ramp Alkane_Samples,32,VA-18,sample,,20,C35 Alkane,11,2349.6,10.9,1436,5.767,423,0.002,231.7,111.6,5.768,0,-170.345,204.144,0.3170942
19:44:35,H2 60m 6C_ramp 1.4 mL Flow Standards,33,ACAL2,standard_control_drift,,20,Ref 1,1,30.1,13.8,5415,57.864,1524,0.015,120.2,82.8,57.879,0,-311.219,-0.318,0.2632485
19:44:35,H2 60m 6C_ramp 1.4 mL Flow Standards,33,ACAL2,standard_control_drift,,20,Ref 2,2,71.9,13.8,5415,57.945,1524,0.015,120.5,82.8,57.960,0,-311.140,-0.204,0.2632787
19:44:35,H2 60m 6C_ramp 1.4 mL Flow Standards,33,ACAL2,standard_control_drift,,20,Ref 3,3,113.7,14.0,5418,57.790,1525,0.015,120.7,82.9,57.805,1,-311.000,0.000,0.2633323
19:44:35,H2 60m 6C_ramp 1.4 mL Flow Standards,33,ACAL2,standard_control_drift,,20,Ref 4,4,155.5,14.0,5421,57.958,1526,0.015,120.8,82.6,57.973,0,-310.704,0.430,0.2634456
19:44:35,H2 60m 6C_ramp 1.4 mL Flow Standards,33,ACAL2,standard_control_drift,,20,Ref 5,5,197.3,14.0,5420,57.903,1525,0.015,120.9,82.8,57.918,0,-310.853,0.213,0.2633883
19:44:35,H2 60m 6C_ramp 1.4 mL Flow Standards,33,ACAL2,standard_control_drift,,20,C23 Alkane,6,1468.4,11.7,4687,16.278,1437,0.006,133.8,84.1,16.283,0,-85.066,327.915,0.3496831
19:44:35,H2 60m 6C_ramp 1.4 mL Flow Standards,33,ACAL2,standard_control_drift,,20,C20 FAME,7,1492.1,11.7,4459,15.043,1448,0.006,149.9,87.8,15.049,0,-27.974,410.778,0.3715034
19:44:35,H2 60m 6C_ramp 1.4 mL Flow Standards,33,ACAL2,standard_control_drift,,20,C25 Alkane,8,1628.9,11.5,4906,16.956,1220,0.005,141.1,85.7,16.961,0,-266.044,65.248,0.2805142
19:44:35,H2 60m 6C_ramp 1.4 mL Flow Standards,33,ACAL2,standard_control_drift,,20,C27 Alkane,9,1778.4,11.3,4912,17.455,1353,0.005,151.0,87.9,17.460,0,-186.719,180.379,0.3108319
19:44:35,H2 60m 6C_ramp 1.4 mL Flow Standards,33,ACAL2,standard_control_drift,,20,C29 Alkane,10,1918.2,11.3,5218,18.762,1605,0.006,168.2,92.9,18.769,0,-103.558,301.078,0.3426158
19:44:35,H2 60m 6C_ramp 1.4 mL Flow Standards,33,ACAL2,standard_control_drift,,20,C31 Alkane,11,2049.2,11.5,5093,19.455,1306,0.005,200.5,103.1,19.460,0,-276.772,49.677,0.2764139
19:44:35,H2 60m 6C_ramp 1.4 mL Flow Standards,33,ACAL2,standard_control_drift,,20,C30 FAME,12,2214.6,12.7,4018,17.945,1107,0.006,215.5,107.0,17.950,0,-196.901,165.601,0.3069404
20:30:28,H2 60m 6C_ramp 1.4 mL Flow Standards,34,ACAL2,standard_control_drift,,20,Ref 1,1,30.1,14.0,5416,57.982,1524,0.015,119.5,82.4,57.998,0,-310.971,0.043,0.2634372
20:30:28,H2 60m 6C_ramp 1.4 mL Flow Standards,34,ACAL2,standard_control_drift,,20,Ref 2,2,71.9,14.0,5414,57.837,1523,0.015,119.7,82.7,57.853,0,-311.304,-0.441,0.2633099
20:30:28,H2 60m 6C_ramp 1.4 mL Flow Standards,34,ACAL2,standard_control_drift,,20,Ref 3,3,113.7,14.0,5416,58.028,1524,0.015,120.0,82.6,58.043,1,-311.000,0.000,0.2634260
20:30:28,H2 60m 6C_ramp 1.4 mL Flow Standards,34,ACAL2,standard_control_drift,,20,Ref 4,4,155.5,14.0,5421,57.938,1526,0.015,120.2,82.7,57.954,0,-311.241,-0.350,0.2633339
20:30:28,H2 60m 6C_ramp 1.4 mL Flow Standards,34,ACAL2,standard_control_drift,,20,Ref 5,5,197.3,14.0,5422,57.939,1526,0.015,120.4,82.5,57.954,0,-310.910,0.131,0.2634604
20:30:28,H2 60m 6C_ramp 1.4 mL Flow Standards,34,ACAL2,standard_control_drift,,20,C23 Alkane,6,1467.8,11.5,4650,16.215,1449,0.006,134.4,83.9,16.221,0,-84.206,329.165,0.3501365
20:30:28,H2 60m 6C_ramp 1.4 mL Flow Standards,34,ACAL2,standard_control_drift,,20,C20 FAME,7,1491.4,11.5,4544,15.014,1477,0.006,150.0,87.6,15.019,0,-28.682,409.751,0.3713650
20:30:28,H2 60m 6C_ramp 1.4 mL Flow Standards,34,ACAL2,standard_control_drift,,20,C25 Alkane,8,1628.3,11.3,4926,16.918,1212,0.005,141.8,86.1,16.923,0,-266.520,64.557,0.2804320
20:30:28,H2 60m 6C_ramp 1.4 mL Flow Standards,34,ACAL2,standard_control_drift,,20,C27 Alkane,9,1777.8,11.1,4929,17.391,1375,0.005,151.1,88.2,17.396,0,-186.990,179.986,0.3108390
20:30:28,H2 60m 6C_ramp 1.4 mL Flow Standards,34,ACAL2,standard_control_drift,,20,C29 Alkane,10,1917.6,11.3,5139,18.683,1595,0.006,168.3,92.7,18.689,0,-102.785,302.198,0.3430329
20:30:28,H2 60m 6C_ramp 1.4 mL Flow Standards,34,ACAL2,standard_control_drift,,20,C31 Alkane,11,2048.6,11.7,5125,19.365,1319,0.005,199.0,102.1,19.371,0,-276.203,50.504,0.2767300
20:30:28,H2 60m 6C_ramp 1.4 mL Flow Standards,34,ACAL2,standard_control_drift,,20,C30 FAME,12,2213.9,13.0,4079,17.989,1119,0.006,213.7,106.6,17.994,0,-197.506,164.722,0.3068182
21:16:20,H2 60m 6C_ramp 1.4 mL Flow Standards,35,ACAL2,control,,10,Ref 1,1,30.1,14.0,5412,57.893,1523,0.015,119.3,82.4,57.908,0,-311.163,-0.237,0.2633901
21:16:20,H2 60m 6C_ramp 1.4 mL Flow Standards,35,ACAL2,control,,10,Ref 2,2,71.9,14.0,5411,57.954,1522,0.015,119.5,82.5,57.970,0,-311.366,-0.531,0.2633126
21:16:20,H2 60m 6C_ramp 1.4 mL Flow Standards,35,ACAL2,control,,10,Ref 3,3,113.7,14.0,5412,57.366,1524,0.015,119.8,82.6,57.381,1,-311.000,0.000,0.2634525
21:16:20,H2 60m 6C_ramp 1.4 mL Flow Standards,35,ACAL2,control,,10,Ref 4,4,155.5,14.0,5416,57.912,1524,0.015,120.0,82.5,57.927,0,-311.325,-0.472,0.2633282
21:16:20,H2 60m 6C_ramp 1.4 mL Flow Standards,35,ACAL2,control,,10,Ref 5,5,197.3,14.0,5417,57.938,1525,0.015,120.2,82.5,57.953,0,-311.187,-0.272,0.2633809
21:16:20,H2 60m 6C_ramp 1.4 mL Flow Standards,35,ACAL2,control,,10,-,6,1466.8,10.2,3328,10.172,1047,0.004,135.2,84.5,10.176,0,-80.457,334.605,0.3516050
21:16:20,H2 60m 6C_ramp 1.4 mL Flow Standards,35,ACAL2,control,,10,C20 FAME,7,1490.2,9.6,2669,7.675,909,0.003,159.9,91.0,7.678,0,-22.557,418.640,0.3737443
21:16:20,H2 60m 6C_ramp 1.4 mL Flow Standards,35,ACAL2,control,,10,C25 Alkane,8,1627.3,9.8,3429,10.602,876,0.003,143.3,86.3,10.605,0,-257.315,77.917,0.2839799
21:16:20,H2 60m 6C_ramp 1.4 mL Flow Standards,35,ACAL2,control,,10,C27 Alkane,9,1776.9,11.1,3489,11.513,987,0.004,152.0,88.3,11.517,0,-183.230,185.442,0.3123078
21:16:20,H2 60m 6C_ramp 1.4 mL Flow Standards,35,ACAL2,control,,10,C29 Alkane,10,1916.5,10.0,3606,11.714,1136,0.004,169.3,93.4,11.718,0,-98.483,308.443,0.3447127
21:16:20,H2 60m 6C_ramp 1.4 mL Flow Standards,35,ACAL2,control,,10,C31 Alkane,11,2047.8,10.2,3584,12.095,940,0.003,202.4,103.1,12.099,0,-268.325,61.937,0.2797700
21:16:20,H2 60m 6C_ramp 1.4 mL Flow Standards,35,ACAL2,control,,10,C30 FAME,12,2212.3,10.9,2544,9.615,727,0.003,212.6,106.0,9.618,0,-187.965,178.570,0.3104974
22:02:10,H2 60m 6C_ramp 1.4 mL Flow Standards,36,ACAL2,control,,10,Ref 1,1,30.1,14.0,5405,57.687,1521,0.015,119.4,81.8,57.702,0,-311.081,-0.118,0.2633686
22:02:10,H2 60m 6C_ramp 1.4 mL Flow Standards,36,ACAL2,control,,10,Ref 2,2,71.9,14.0,5405,57.692,1521,0.015,119.5,81.8,57.707,0,-311.226,-0.328,0.2633135
22:02:10,H2 60m 6C_ramp 1.4 mL Flow Standards,36,ACAL2,control,,10,Ref 3,3,113.7,14.0,5404,57.726,1520,0.015,119.7,81.7,57.742,1,-311.000,0.000,0.2633997
22:02:10,H2 60m 6C_ramp 1.4 mL Flow Standards,36,ACAL2,control,,10,Ref 4,4,155.5,14.0,5409,58.000,1521,0.015,119.9,81.8,58.015,0,-311.266,-0.387,0.2632979
22:02:10,H2 60m 6C_ramp 1.4 mL Flow Standards,36,ACAL2,control,,10,Ref 5,5,197.3,14.0,5409,57.706,1522,0.015,120.1,81.7,57.721,0,-310.965,0.051,0.2634132
22:02:10,H2 60m 6C_ramp 1.4 mL Flow Standards,36,ACAL2,control,,10,-,6,1465.7,11.7,2698,9.748,862,0.003,137.1,84.3,9.752,0,-79.859,335.473,0.3517634
22:02:10,H2 60m 6C_ramp 1.4 mL Flow Standards,36,ACAL2,control,,10,C20 FAME,7,1489.1,11.1,2198,7.174,762,0.003,182.2,96.1,7.177,0,-13.028,432.470,0.3773121
22:02:10,H2 60m 6C_ramp 1.4 mL Flow Standards,36,ACAL2,control,,10,C25 Alkane,8,1626.2,11.9,3021,10.338,780,0.003,144.6,86.0,10.341,0,-255.815,80.094,0.2844966
22:02:10,H2 60m 6C_ramp 1.4 mL Flow Standards,36,ACAL2,control,,10,C27 Alkane,9,1775.9,13.4,3253,11.493,932,0.004,153.9,88.6,11.497,0,-184.099,184.182,0.3119131
22:02:10,H2 60m 6C_ramp 1.4 mL Flow Standards,36,ACAL2,control,,10,C29 Alkane,10,1915.7,11.7,3469,11.582,1097,0.004,171.1,93.3,11.586,0,-97.795,309.441,0.3449066
22:02:10,H2 60m 6C_ramp 1.4 mL Flow Standards,36,ACAL2,control,,10,C31 Alkane,11,2046.7,11.1,3530,12.012,920,0.003,205.7,103.3,12.015,0,-267.649,62.919,0.2799726
22:02:10,H2 60m 6C_ramp 1.4 mL Flow Standards,36,ACAL2,control,,10,C30 FAME,12,2211.4,10.9,2578,9.651,734,0.003,214.5,106.0,9.654,0,-187.250,179.608,0.3107085
22:47:59,H2 60m 6C_ramp 1.4 mL Flow Standards,37,LCA,size,,40,Ref 1,1,30.1,14.0,5404,57.828,1521,0.015,119.1,81.9,57.843,0,-310.794,0.300,0.2634686
22:47:59,H2 60m 6C_ramp 1.4 mL Flow Standards,37,LCA,size,,40,Ref 2,2,71.9,14.0,5403,57.727,1521,0.015,119.4,82.2,57.743,0,-311.138,-0.200,0.2633371
22:47:59,H2 60m 6C_ramp 1.4 mL Flow Standards,37,LCA,size,,40,Ref 3,3,113.7,14.0,5406,57.775,1521,0.015,119.6,82.2,57.790,1,-311.000,0.000,0.2633897
22:47:59,H2 60m 6C_ramp 1.4 mL Flow Standards,37,LCA,size,,40,Ref 4,4,155.5,14.0,5409,57.849,1521,0.015,119.8,82.1,57.864,0,-311.017,-0.025,0.2633830
22:47:59,H2 60m 6C_ramp 1.4 mL Flow Standards,37,LCA,size,,40,Ref 5,5,197.3,14.0,5408,57.967,1522,0.015,120.0,82.0,57.982,0,-310.779,0.320,0.2634741
22:47:59,H2 60m 6C_ramp 1.4 mL Flow Standards,37,LCA,size,,40,C21 Alkane,6,1296.8,13.8,6977,30.422,1923,0.009,133.4,83.9,30.431,0,-183.928,184.430,0.3119667
22:47:59,H2 60m 6C_ramp 1.4 mL Flow Standards,37,LCA,size,,40,C23 Alkane,7,1469.7,14.2,7384,32.092,2288,0.011,137.1,84.5,32.103,0,-91.216,318.990,0.3474083
22:47:59,H2 60m 6C_ramp 1.4 mL Flow Standards,37,LCA,size,,40,C25 Alkane,8,1630.2,14.2,7709,33.497,2051,0.010,143.8,86.2,33.507,0,-220.339,131.584,0.2980475
22:47:59,H2 60m 6C_ramp 1.4 mL Flow Standards,37,LCA,size,,40,C27 Alkane,9,1779.8,14.0,7780,34.549,2107,0.010,153.6,88.5,34.560,0,-221.145,130.414,0.2977393
22:47:59,H2 60m 6C_ramp 1.4 mL Flow Standards,37,LCA,size,,40,C29 Alkane,10,1919.7,14.0,7955,36.289,2241,0.011,171.1,93.4,36.300,0,-202.222,157.877,0.3049730
22:47:59,H2 60m 6C_ramp 1.4 mL Flow Standards,37,LCA,size,,40,C31 Alkane,11,2051.5,15.3,9069,45.753,2764,0.015,209.3,104.7,45.768,0,-145.992,239.489,0.3264686
22:47:59,H2 60m 6C_ramp 1.4 mL Flow Standards,37,LCA,size,,40,C33 Alkane,12,2189.7,16.9,7716,45.087,2287,0.015,212.4,105.8,45.102,0,-154.426,227.248,0.3232445
22:47:59,H2 60m 6C_ramp 1.4 mL Flow Standards,37,LCA,size,,40,C35 Alkane,13,2358.4,20.1,5909,43.667,1537,0.013,216.4,106.9,43.680,0,-209.316,147.581,0.3022611
23:33:49,H2 60m 6C_ramp 1.4 mL Flow Standards,38,LCA,size,,30,Ref 1,1,30.1,14.0,5405,57.727,1521,0.015,119.3,82.1,57.743,0,-310.944,0.081,0.2634654
23:33:49,H2 60m 6C_ramp 1.4 mL Flow Standards,38,LCA,size,,30,Ref 2,2,71.9,14.0,5404,57.757,1520,0.015,119.5,82.2,57.773,0,-311.014,-0.021,0.2634387
23:33:49,H2 60m 6C_ramp 1.4 mL Flow Standards,38,LCA,size,,30,Ref 3,3,113.7,14.0,5405,57.730,1522,0.015,119.7,82.2,57.745,1,-311.000,0.000,0.2634442
23:33:49,H2 60m 6C_ramp 1.4 mL Flow Standards,38,LCA,size,,30,Ref 4,4,155.5,14.0,5409,57.921,1522,0.015,119.9,82.3,57.936,0,-311.306,-0.444,0.2633272
23:33:49,H2 60m 6C_ramp 1.4 mL Flow Standards,38,LCA,size,,30,Ref 5,5,197.3,14.0,5409,57.854,1521,0.015,120.0,82.2,57.869,0,-311.369,-0.535,0.2633031
23:33:49,H2 60m 6C_ramp 1.4 mL Flow Standards,38,LCA,size,,30,C21 Alkane,6,1296.4,12.7,6363,25.369,1739,0.008,132.5,83.5,25.377,0,-183.011,185.761,0.3123817
23:33:49,H2 60m 6C_ramp 1.4 mL Flow Standards,38,LCA,size,,30,C23 Alkane,7,1469.1,12.7,6664,26.802,2025,0.009,136.5,83.9,26.812,0,-89.056,322.124,0.3483059
23:33:49,H2 60m 6C_ramp 1.4 mL Flow Standards,38,LCA,size,,30,C25 Alkane,8,1629.4,12.7,6893,27.952,1843,0.008,143.1,86.0,27.960,0,-218.391,134.411,0.2988541
23:33:49,H2 60m 6C_ramp 1.4 mL Flow Standards,38,LCA,size,,30,C27 Alkane,9,1779.0,13.0,7008,28.824,1880,0.009,152.3,88.1,28.833,0,-219.276,133.126,0.2985155
23:33:49,H2 60m 6C_ramp 1.4 mL Flow Standards,38,LCA,size,,30,C29 Alkane,10,1918.8,13.0,7043,30.189,1957,0.009,169.8,93.0,30.198,0,-200.634,160.183,0.3056433
23:33:49,H2 60m 6C_ramp 1.4 mL Flow Standards,38,LCA,size,,30,C31 Alkane,11,2050.5,14.4,8035,38.053,2434,0.012,206.5,104.2,38.065,0,-145.403,240.343,0.3267612
23:33:49,H2 60m 6C_ramp 1.4 mL Flow Standards,38,LCA,size,,30,C33 Alkane,12,2188.9,15.9,6768,37.473,1985,0.012,218.8,108.1,37.485,0,-153.758,228.218,0.3235670
23:33:49,H2 60m 6C_ramp 1.4 mL Flow Standards,38,LCA,size,,30,C35 Alkane,13,2356.9,18.6,5132,36.195,1381,0.011,214.4,105.9,36.206,0,-206.207,152.094,0.3035126
00:19:40,H2 60m 6C_ramp 1.4 mL Flow Standards,39,LCA,size,,20,Ref 1,1,30.1,14.0,5399,57.629,1519,0.015,119.0,81.7,57.644,0,-310.762,0.346,0.2634770
00:19:40,H2 60m 6C_ramp 1.4 mL Flow Standards,39,LCA,size,,20,Ref 2,2,71.9,14.0,5398,57.712,1519,0.015,119.3,81.8,57.727,0,-310.878,0.177,0.2634325
00:19:40,H2 60m 6C_ramp 1.4 mL Flow Standards,39,LCA,size,,20,Ref 3,3,113.7,14.0,5400,57.713,1520,0.015,119.5,82.1,57.729,1,-311.000,0.000,0.2633859
00:19:40,H2 60m 6C_ramp 1.4 mL Flow Standards,39,LCA,size,,20,Ref 4,4,155.5,14.0,5403,57.793,1520,0.015,119.7,82.0,57.808,0,-310.930,0.102,0.2634127
00:19:40,H2 60m 6C_ramp 1.4 mL Flow Standards,39,LCA,size,,20,Ref 5,5,197.3,14.0,5406,57.799,1522,0.015,119.9,81.9,57.815,0,-310.588,0.599,0.2635436
00:19:40,H2 60m 6C_ramp 1.4 mL Flow Standards,39,LCA,size,,20,C21 Alkane,6,1294.3,12.5,3849,16.752,1122,0.005,132.6,83.6,16.757,0,-177.574,193.652,0.3143910
00:19:40,H2 60m 6C_ramp 1.4 mL Flow Standards,39,LCA,size,,20,C23 Alkane,7,1467.4,13.4,4435,18.143,1385,0.006,136.8,84.4,18.149,0,-85.941,326.645,0.3494197
00:19:40,H2 60m 6C_ramp 1.4 mL Flow Standards,39,LCA,size,,20,C25 Alkane,8,1628.1,13.6,4953,19.279,1325,0.006,143.6,86.3,19.284,0,-213.868,140.976,0.3005170
00:19:40,H2 60m 6C_ramp 1.4 mL Flow Standards,39,LCA,size,,20,C27 Alkane,9,1778.0,13.6,5213,20.073,1419,0.006,153.2,88.3,20.080,0,-214.610,139.899,0.3002333
00:19:40,H2 60m 6C_ramp 1.4 mL Flow Standards,39,LCA,size,,20,C29 Alkane,10,1917.8,13.4,5456,21.124,1515,0.006,170.0,93.3,21.131,0,-196.879,165.633,0.3070114
00:19:40,H2 60m 6C_ramp 1.4 mL Flow Standards,39,LCA,size,,20,C31 Alkane,11,2049.5,13.8,6276,26.672,1918,0.009,207.5,104.5,26.681,0,-141.382,246.179,0.3282261
00:19:40,H2 60m 6C_ramp 1.4 mL Flow Standards,39,LCA,size,,20,C33 Alkane,12,2187.4,14.4,5373,26.283,1561,0.009,221.2,109.1,26.291,0,-150.339,233.179,0.3248021
00:19:40,H2 60m 6C_ramp 1.4 mL Flow Standards,39,LCA,size,,20,C35 Alkane,13,2355.2,16.5,4199,25.478,1107,0.008,211.8,105.6,25.485,0,-202.366,157.668,0.3049136
01:05:28,H2 60m 6C_ramp 1.4 mL Flow Standards,40,LCA,size,,15,Ref 1,1,30.1,14.0,5400,57.851,1519,0.015,119.2,82.3,57.866,0,-311.092,-0.133,0.2634087
01:05:28,H2 60m 6C_ramp 1.4 mL Flow Standards,40,LCA,size,,15,Ref 2,2,71.9,14.0,5398,57.640,1519,0.015,119.4,82.2,57.655,0,-311.239,-0.346,0.2633525
01:05:28,H2 60m 6C_ramp 1.4 mL Flow Standards,40,LCA,size,,15,Ref 3,3,113.7,14.0,5400,57.760,1520,0.015,119.6,82.0,57.775,1,-311.000,0.000,0.2634437
01:05:28,H2 60m 6C_ramp 1.4 mL Flow Standards,40,LCA,size,,15,Ref 4,4,155.5,14.0,5404,57.868,1521,0.015,119.8,82.1,57.884,0,-311.157,-0.227,0.2633838
01:05:28,H2 60m 6C_ramp 1.4 mL Flow Standards,40,LCA,size,,15,Ref 5,5,197.3,14.0,5403,57.731,1520,0.015,119.9,82.0,57.746,0,-310.940,0.087,0.2634667
01:05:28,H2 60m 6C_ramp 1.4 mL Flow Standards,40,LCA,size,,15,C21 Alkane,6,1293.5,11.5,3023,11.788,874,0.004,132.7,83.8,11.792,0,-174.504,198.107,0.3156338
01:05:28,H2 60m 6C_ramp 1.4 mL Flow Standards,40,LCA,size,,15,C23 Alkane,7,1466.3,12.1,3454,12.759,1087,0.004,136.6,84.4,12.763,0,-82.481,331.668,0.3508196
01:05:28,H2 60m 6C_ramp 1.4 mL Flow Standards,40,LCA,size,,15,C25 Alkane,8,1627.3,12.1,3772,13.604,1031,0.004,143.2,86.2,13.608,0,-209.428,147.420,0.3022806
01:05:28,H2 60m 6C_ramp 1.4 mL Flow Standards,40,LCA,size,,15,C27 Alkane,9,1776.9,12.1,4002,14.197,1098,0.004,153.1,88.2,14.202,0,-209.683,147.049,0.3021829
01:05:28,H2 60m 6C_ramp 1.4 mL Flow Standards,40,LCA,size,,15,C29 Alkane,10,1916.7,11.9,4254,14.992,1206,0.005,171.1,93.6,14.996,0,-191.298,173.733,0.3092127
01:05:28,H2 60m 6C_ramp 1.4 mL Flow Standards,40,LCA,size,,15,C31 Alkane,11,2048.4,12.5,5002,18.946,1510,0.006,214.6,106.8,18.952,0,-138.510,250.348,0.3293964
01:05:28,H2 60m 6C_ramp 1.4 mL Flow Standards,40,LCA,size,,15,C33 Alkane,12,2185.9,13.2,4221,18.750,1238,0.006,210.1,105.1,18.756,0,-145.387,240.367,0.3267670
01:05:28,H2 60m 6C_ramp 1.4 mL Flow Standards,40,LCA,size,,15,C35 Alkane,13,2353.3,14.8,3368,18.142,885,0.006,212.2,105.8,18.147,0,-198.479,163.311,0.3064671
01:51:16,H2 60m 6C_ramp 1.4 mL Flow Standards,41,LCA,size,,10,Ref 1,1,30.1,14.0,5392,57.649,1517,0.015,118.8,82.1,57.664,0,-310.812,0.274,0.2634282
01:51:16,H2 60m 6C_ramp 1.4 mL Flow Standards,41,LCA,size,,10,Ref 2,2,71.9,14.0,5393,57.630,1517,0.015,119.0,82.1,57.645,0,-311.124,-0.180,0.2633087
01:51:16,H2 60m 6C_ramp 1.4 mL Flow Standards,41,LCA,size,,10,Ref 3,3,113.7,14.0,5393,57.681,1516,0.015,119.3,82.0,57.696,1,-311.000,0.000,0.2633562
01:51:16,H2 60m 6C_ramp 1.4 mL Flow Standards,41,LCA,size,,10,Ref 4,4,155.5,14.0,5396,57.816,1519,0.015,119.5,81.9,57.831,0,-310.724,0.401,0.2634618
01:51:16,H2 60m 6C_ramp 1.4 mL Flow Standards,41,LCA,size,,10,Ref 5,5,197.3,14.0,5397,57.653,1518,0.015,119.6,82.2,57.668,0,-311.162,-0.235,0.2632943
01:51:16,H2 60m 6C_ramp 1.4 mL Flow Standards,41,LCA,size,,10,C21 Alkane,6,1293.9,9.6,2812,8.288,802,0.003,132.0,83.4,8.291,0,-167.655,208.048,0.3181468
01:51:16,H2 60m 6C_ramp 1.4 mL Flow Standards,41,LCA,size,,10,C23 Alkane,7,1466.3,9.6,3017,8.811,953,0.003,135.7,84.2,8.814,0,-77.191,339.345,0.3527248
01:51:16,H2 60m 6C_ramp 1.4 mL Flow Standards,41,LCA,size,,10,C25 Alkane,8,1626.9,9.4,3116,9.230,850,0.003,142.1,85.3,9.233,0,-201.642,158.720,0.3051560
01:51:16,H2 60m 6C_ramp 1.4 mL Flow Standards,41,LCA,size,,10,C27 Alkane,9,1776.5,10.2,3142,9.694,884,0.003,151.1,87.7,9.697,0,-205.086,153.721,0.3038396
01:51:16,H2 60m 6C_ramp 1.4 mL Flow Standards,41,LCA,size,,10,C29 Alkane,10,1916.1,9.6,3247,10.050,931,0.003,167.6,92.6,10.053,0,-185.335,182.388,0.3113892
01:51:16,H2 60m 6C_ramp 1.4 mL Flow Standards,41,LCA,size,,10,C31 Alkane,11,2047.8,10.4,3723,12.696,1147,0.004,204.9,104.2,12.700,0,-134.403,256.309,0.3308568
01:51:16,H2 60m 6C_ramp 1.4 mL Flow Standards,41,LCA,size,,10,C33 Alkane,12,2185.3,11.5,3205,12.557,950,0.004,205.7,103.8,12.561,0,-139.416,249.033,0.3289405
01:51:16,H2 60m 6C_ramp 1.4 mL Flow Standards,41,LCA,size,,10,C35 Alkane,13,2352.1,13.0,2492,12.012,681,0.004,208.9,105.0,12.016,0,-191.988,172.731,0.3088460
02:37:07,H2 60m 6C_ramp 1.4 mL Flow Standards,42,LCA,size,,5,Ref 1,1,30.1,14.0,5392,57.591,1517,0.015,118.8,81.9,57.607,0,-310.694,0.445,0.2635067
02:37:07,H2 60m 6C_ramp 1.4 mL Flow Standards,42,LCA,size,,5,Ref 2,2,71.9,14.0,5392,57.561,1517,0.015,119.1,82.1,57.577,0,-311.262,-0.380,0.2632896
02:37:07,H2 60m 6C_ramp 1.4 mL Flow Standards,42,LCA,size,,5,Ref 3,3,113.7,14.0,5394,57.795,1517,0.015,119.3,82.1,57.810,1,-311.000,0.000,0.2633896
02:37:07,H2 60m 6C_ramp 1.4 mL Flow Standards,42,LCA,size,,5,Ref 4,4,155.5,14.0,5398,57.848,1519,0.015,119.5,81.9,57.863,0,-310.968,0.046,0.2634018
02:37:07,H2 60m 6C_ramp 1.4 mL Flow Standards,42,LCA,size,,5,Ref 5,5,197.3,14.0,5396,57.720,1518,0.015,119.7,82.2,57.735,0,-311.016,-0.023,0.2633835
02:37:07,H2 60m 6C_ramp 1.4 mL Flow Standards,42,LCA,size,,5,C21 Alkane,6,1293.1,9.0,1729,5.003,518,0.002,131.7,83.8,5.005,0,-162.748,215.170,0.3200632
02:37:07,H2 60m 6C_ramp 1.4 mL Flow Standards,42,LCA,size,,5,C23 Alkane,7,1465.5,8.8,1901,5.354,623,0.002,134.9,84.1,5.356,0,-72.600,346.009,0.3545248
02:37:07,H2 60m 6C_ramp 1.4 mL Flow Standards,42,LCA,size,,5,C25 Alkane,8,1626.0,8.8,2023,5.677,578,0.002,141.3,85.2,5.679,0,-193.718,170.221,0.3082241
02:37:07,H2 60m 6C_ramp 1.4 mL Flow Standards,42,LCA,size,,5,C27 Alkane,9,1775.5,9.0,2065,5.964,594,0.002,150.1,87.6,5.966,0,-196.897,165.607,0.3070088
02:37:07,H2 60m 6C_ramp 1.4 mL Flow Standards,42,LCA,size,,5,C29 Alkane,10,1915.3,8.6,2142,6.247,636,0.002,165.8,92.0,6.249,0,-176.272,195.542,0.3148933
02:37:07,H2 60m 6C_ramp 1.4 mL Flow Standards,42,LCA,size,,5,C31 Alkane,11,2046.7,9.4,2542,7.911,803,0.003,197.6,101.5,7.914,0,-125.162,269.722,0.3344314
02:37:07,H2 60m 6C_ramp 1.4 mL Flow Standards,42,LCA,size,,5,C33 Alkane,12,2183.8,10.2,2229,7.834,689,0.003,204.7,104.1,7.837,0,-134.948,255.517,0.3306902
02:37:07,H2 60m 6C_ramp 1.4 mL Flow Standards,42,LCA,size,,5,C35 Alkane,13,2350.2,11.5,1746,7.470,498,0.002,207.9,104.3,7.472,0,-182.708,186.200,0.3124328
03:22:57,H2 60m 6C_ramp 1.4 mL Flow Standards,43,ACAL2,standard_control_drift,,20,Ref 1,1,30.1,14.0,5392,57.678,1518,0.015,118.6,81.6,57.693,0,-310.779,0.320,0.2635402
03:22:57,H2 60m 6C_ramp 1.4 mL Flow Standards,43,ACAL2,standard_control_drift,,20,Ref 2,2,71.9,14.0,5391,57.648,1518,0.015,118.8,82.1,57.663,0,-310.754,0.357,0.2635499
03:22:57,H2 60m 6C_ramp 1.4 mL Flow Standards,43,ACAL2,standard_control_drift,,20,Ref 3,3,113.7,14.0,5393,57.556,1518,0.015,119.0,82.2,57.572,1,-311.000,0.000,0.2634558
03:22:57,H2 60m 6C_ramp 1.4 mL Flow Standards,43,ACAL2,standard_control_drift,,20,Ref 4,4,155.5,14.0,5396,57.693,1518,0.015,119.2,82.5,57.708,0,-311.243,-0.353,0.2633627
03:22:57,H2 60m 6C_ramp 1.4 mL Flow Standards,43,ACAL2,standard_control_drift,,20,Ref 5,5,197.3,14.0,5397,57.721,1519,0.015,119.3,82.3,57.736,0,-311.039,-0.056,0.2634410
03:22:57,H2 60m 6C_ramp 1.4 mL Flow Standards,43,ACAL2,standard_control_drift,,20,C23 Alkane,6,1467.0,10.4,4955,16.446,1512,0.006,133.4,83.7,16.452,0,-84.329,328.986,0.3501291
03:22:57,H2 60m 6C_ramp 1.4 mL Flow Standards,43,ACAL2,standard_control_drift,,20,C20 FAME,7,1490.6,10.5,4737,15.244,1545,0.006,147.2,86.6,15.250,0,-28.176,410.484,0.3716003
03:22:57,H2 60m 6C_ramp 1.4 mL Flow Standards,43,ACAL2,standard_control_drift,,20,C25 Alkane,8,1627.5,10.7,5030,17.145,1241,0.005,140.2,85.5,17.150,0,-264.330,67.736,0.2813012
03:22:57,H2 60m 6C_ramp 1.4 mL Flow Standards,43,ACAL2,standard_control_drift,,20,C27 Alkane,9,1776.9,11.1,4978,17.635,1393,0.005,148.3,87.0,17.640,0,-185.221,182.553,0.3115504
03:22:57,H2 60m 6C_ramp 1.4 mL Flow Standards,43,ACAL2,standard_control_drift,,20,C29 Alkane,10,1916.7,11.3,5171,18.954,1602,0.007,162.7,91.0,18.960,0,-102.429,302.716,0.3432080
03:22:57,H2 60m 6C_ramp 1.4 mL Flow Standards,43,ACAL2,standard_control_drift,,20,C31 Alkane,11,2047.8,11.7,5153,19.574,1324,0.005,196.2,101.4,19.579,0,-275.139,52.048,0.2771681
03:22:57,H2 60m 6C_ramp 1.4 mL Flow Standards,43,ACAL2,standard_control_drift,,20,C30 FAME,12,2213.3,13.0,4173,18.252,1128,0.006,203.2,103.2,18.257,0,-195.305,167.917,0.3076946
04:10:08,H2 60m 6C_ramp 1.4 mL Flow Standards,44,ACAL2,standard_control_drift,,20,Ref 1,1,30.1,14.0,5388,57.459,1515,0.015,119.6,81.1,57.475,0,-311.183,-0.266,0.2632712
04:10:08,H2 60m 6C_ramp 1.4 mL Flow Standards,44,ACAL2,standard_control_drift,,20,Ref 2,2,71.9,14.0,5387,57.603,1515,0.015,119.5,81.2,57.618,0,-311.093,-0.136,0.2633055
04:10:08,H2 60m 6C_ramp 1.4 mL Flow Standards,44,ACAL2,standard_control_drift,,20,Ref 3,3,113.7,14.0,5388,57.549,1516,0.015,119.6,81.0,57.564,1,-311.000,0.000,0.2633412
04:10:08,H2 60m 6C_ramp 1.4 mL Flow Standards,44,ACAL2,standard_control_drift,,20,Ref 4,4,155.5,14.0,5390,57.700,1516,0.015,119.7,81.2,57.716,0,-311.084,-0.123,0.2633089
04:10:08,H2 60m 6C_ramp 1.4 mL Flow Standards,44,ACAL2,standard_control_drift,,20,Ref 5,5,197.3,14.0,5391,57.654,1516,0.015,119.8,81.1,57.669,0,-311.147,-0.213,0.2632850
04:10:08,H2 60m 6C_ramp 1.4 mL Flow Standards,44,ACAL2,standard_control_drift,,20,C23 Alkane,6,1467.0,12.7,4144,15.816,1291,0.006,137.1,83.5,15.822,0,-83.512,330.171,0.3502888
04:10:08,H2 60m 6C_ramp 1.4 mL Flow Standards,44,ACAL2,standard_control_drift,,20,C20 FAME,7,1490.6,12.5,4036,14.607,1331,0.005,154.5,87.5,14.613,0,-27.079,412.078,0.3718582
04:10:08,H2 60m 6C_ramp 1.4 mL Flow Standards,44,ACAL2,standard_control_drift,,20,C25 Alkane,8,1627.7,13.0,4573,16.677,1142,0.005,145.0,85.6,16.682,0,-264.467,67.538,0.2811266
04:10:08,H2 60m 6C_ramp 1.4 mL Flow Standards,44,ACAL2,standard_control_drift,,20,C27 Alkane,9,1777.3,12.5,4648,17.197,1307,0.005,153.7,87.7,17.202,0,-185.301,182.437,0.3113844
04:10:08,H2 60m 6C_ramp 1.4 mL Flow Standards,44,ACAL2,standard_control_drift,,20,C29 Alkane,10,1917.2,12.3,5025,18.554,1560,0.006,169.0,92.4,18.560,0,-103.515,301.139,0.3426435
04:10:08,H2 60m 6C_ramp 1.4 mL Flow Standards,44,ACAL2,standard_control_drift,,20,C31 Alkane,11,2048.2,12.1,4973,19.271,1300,0.005,198.5,101.0,19.276,0,-275.160,52.018,0.2770396
04:10:08,H2 60m 6C_ramp 1.4 mL Flow Standards,44,ACAL2,standard_control_drift,,20,C30 FAME,12,2213.5,13.0,4048,18.002,1127,0.006,208.1,103.1,18.008,0,-194.492,169.097,0.3078714
05:06:27,H2 60m 6C_ramp Alkane_Samples,45,VA-20,sample,,20,Ref 1,1,30.1,14.0,5388,57.599,1515,0.015,117.9,82.1,57.614,0,-310.889,0.161,0.2634289
05:06:27,H2 60m 6C_ramp Alkane_Samples,45,VA-20,sample,,20,Ref 2,2,71.9,14.0,5386,57.567,1515,0.015,118.1,81.9,57.583,0,-310.761,0.347,0.2634781
05:06:27,H2 60m 6C_ramp Alkane_Samples,45,VA-20,sample,,20,Ref 3,3,113.7,14.0,5390,57.540,1517,0.015,118.4,82.3,57.555,1,-311.000,0.000,0.2633866
05:06:27,H2 60m 6C_ramp Alkane_Samples,45,VA-20,sample,,20,Ref 4,4,155.5,14.0,5394,57.785,1517,0.015,118.6,82.0,57.800,0,-310.559,0.640,0.2635550
05:06:27,H2 60m 6C_ramp Alkane_Samples,45,VA-20,sample,,20,Ref 5,5,197.3,14.0,5393,57.530,1518,0.015,118.7,82.4,57.545,0,-310.868,0.191,0.2634370
05:06:27,H2 60m 6C_ramp Alkane_Samples,45,VA-20,sample,,20,C25 Alkane,6,1624.1,8.2,829,2.385,261,0.001,160.7,91.9,2.385,0,-146.850,238.243,0.3261367
05:06:27,H2 60m 6C_ramp Alkane_Samples,45,VA-20,sample,,20,-,7,1774.2,6.3,851,2.361,271,0.001,179.6,97.7,2.362,0,-154.643,226.933,0.3231578
05:06:27,H2 60m 6C_ramp Alkane_Samples,45,VA-20,sample,,20,C29 Alkane,8,1914.2,7.3,888,2.469,290,0.001,197.7,102.9,2.470,0,-125.826,268.758,0.3341737
05:06:27,H2 60m 6C_ramp Alkane_Samples,45,VA-20,sample,,20,C31 Alkane,9,2049.0,13.6,6078,25.232,1792,0.008,230.0,112.5,25.240,0,-158.400,221.481,0.3217217
05:06:27,H2 60m 6C_ramp Alkane_Samples,45,VA-20,sample,,20,C33 Alkane,10,2186.8,14.0,4885,23.844,1413,0.008,234.0,113.6,23.852,0,-174.772,197.719,0.3154631
05:06:27,H2 60m 6C_ramp Alkane_Samples,45,VA-20,sample,,20,,11,2348.7,9.2,628,2.391,200,0.001,230.7,112.4,2.391,0,-149.252,234.758,0.3252187
06:07:22,H2 60m 6C_ramp Alkane_Samples,46,VA-20,sample,,20,Ref 1,1,30.1,14.0,5382,57.420,1514,0.015,118.7,81.9,57.435,0,-311.129,-0.187,0.2634572
06:07:22,H2 60m 6C_ramp Alkane_Samples,46,VA-20,sample,,20,Ref 2,2,71.9,14.0,5379,57.426,1514,0.015,118.9,81.9,57.441,0,-311.082,-0.120,0.2634748
06:07:22,H2 60m 6C_ramp Alkane_Samples,46,VA-20,sample,,20,Ref 3,3,113.7,14.0,5383,57.545,1514,0.015,119.2,81.9,57.560,1,-311.000,0.000,0.2635064
06:07:22,H2 60m 6C_ramp Alkane_Samples,46,VA-20,sample,,20,Ref 4,4,155.5,14.0,5387,57.666,1516,0.015,119.3,82.1,57.681,0,-311.254,-0.369,0.2634090
06:07:22,H2 60m 6C_ramp Alkane_Samples,46,VA-20,sample,,20,Ref 5,5,197.3,14.0,5387,57.643,1515,0.015,119.4,82.2,57.658,0,-311.284,-0.412,0.2633978
06:07:22,H2 60m 6C_ramp Alkane_Samples,46,VA-20,sample,,20,C25 Alkane,6,1624.8,7.3,905,2.398,281,0.001,160.7,92.0,2.398,0,-154.146,227.655,0.3234949
06:07:22,H2 60m 6C_ramp Alkane_Samples,46,VA-20,sample,,20,-,7,1774.8,6.1,877,2.413,276,0.001,179.2,97.1,2.414,0,-158.349,221.554,0.3218873
06:07:22,H2 60m 6C_ramp Alkane_Samples,46,VA-20,sample,,20,C29 Alkane,8,1914.9,7.3,903,2.489,294,0.001,201.4,103.4,2.490,0,-126.168,268.262,0.3341950
06:07:22,H2 60m 6C_ramp Alkane_Samples,46,VA-20,sample,,20,C31 Alkane,9,2049.7,12.7,6119,25.397,1813,0.008,229.0,112.1,25.405,0,-159.109,220.451,0.3215965
06:07:22,H2 60m 6C_ramp Alkane_Samples,46,VA-20,sample,,20,C33 Alkane,10,2187.4,13.8,4894,24.027,1406,0.008,233.8,113.0,24.034,0,-174.277,198.437,0.3157958
06:07:22,H2 60m 6C_ramp Alkane_Samples,46,VA-20,sample,,20,C35 Alkane,11,2349.2,9.0,635,2.419,202,0.001,232.6,112.4,2.420,0,-145.299,240.496,0.3268785
07:08:17,H2 60m 6C_ramp Alkane_Samples,47,VA-23,sample,,20,Ref 1,1,30.1,14.0,5389,57.493,1516,0.015,119.2,82.3,57.508,0,-310.841,0.231,0.2635047
07:08:17,H2 60m 6C_ramp Alkane_Samples,47,VA-23,sample,,20,Ref 2,2,71.9,14.0,5389,57.643,1516,0.015,119.4,82.5,57.658,0,-311.039,-0.056,0.2634290
07:08:17,H2 60m 6C_ramp Alkane_Samples,47,VA-23,sample,,20,Ref 3,3,113.7,14.0,5391,57.710,1517,0.015,119.6,82.6,57.725,1,-311.000,0.000,0.2634438
07:08:17,H2 60m 6C_ramp Alkane_Samples,47,VA-23,sample,,20,Ref 4,4,155.5,14.0,5395,57.781,1519,0.015,119.7,82.3,57.796,0,-310.782,0.317,0.2635273
07:08:17,H2 60m 6C_ramp Alkane_Samples,47,VA-23,sample,,20,Ref 5,5,197.3,14.0,5394,57.564,1518,0.015,119.9,82.8,57.579,0,-311.016,-0.024,0.2634375
07:08:17,H2 60m 6C_ramp Alkane_Samples,47,VA-23,sample,,20,C25 Alkane,6,1625.0,10.0,3094,9.501,863,0.003,139.2,85.4,9.504,0,-185.894,181.576,0.3112789
07:08:17,H2 60m 6C_ramp Alkane_Samples,47,VA-23,sample,,20,C27 Alkane,7,1774.4,8.6,1940,5.441,571,0.002,148.5,87.5,5.443,0,-171.344,202.694,0.3168423
07:08:17,H2 60m 6C_ramp Alkane_Samples,47,VA-23,sample,,20,C29 Alkane,8,1913.6,7.3,788,2.163,256,0.001,167.5,92.7,2.163,0,-125.010,269.942,0.3345583
07:08:17,H2 60m 6C_ramp Alkane_Samples,47,VA-23,sample,,20,C31 Alkane,9,2048.0,12.3,5493,21.704,1632,0.007,194.1,101.0,21.711,0,-157.976,222.095,0.3219534
07:08:17,H2 60m 6C_ramp Alkane_Samples,47,VA-23,sample,,20,C33 Alkane,10,2186.1,14.0,5058,24.207,1398,0.008,212.7,106.5,24.214,0,-176.174,195.683,0.3149953
07:08:17,H2 60m 6C_ramp Alkane_Samples,47,VA-23,sample,,20,,11,2347.7,9.4,670,2.617,213,0.001,220.5,109.4,2.617,0,-153.255,228.948,0.3237587
08:09:10,H2 60m 6C_ramp Alkane_Samples,48,VA-23,sample,,20,Ref 1,1,30.1,14.0,5390,57.544,1516,0.015,119.2,82.2,57.559,0,-311.133,-0.193,0.2634125
08:09:10,H2 60m 6C_ramp Alkane_Samples,48,VA-23,sample,,20,Ref 2,2,71.9,14.0,5389,57.548,1517,0.015,119.5,82.2,57.563,0,-310.926,0.107,0.2634917
08:09:10,H2 60m 6C_ramp Alkane_Samples,48,VA-23,sample,,20,Ref 3,3,113.7,14.0,5392,57.481,1518,0.015,119.7,82.1,57.497,1,-311.000,0.000,0.2634635
08:09:10,H2 60m 6C_ramp Alkane_Samples,48,VA-23,sample,,20,Ref 4,4,155.5,14.0,5396,57.794,1518,0.015,119.9,82.3,57.809,0,-311.238,-0.345,0.2633725
08:09:10,H2 60m 6C_ramp Alkane_Samples,48,VA-23,sample,,20,Ref 5,5,197.3,14.0,5396,57.609,1519,0.015,119.9,82.4,57.624,0,-310.847,0.223,0.2635221
08:09:10,H2 60m 6C_ramp Alkane_Samples,48,VA-23,sample,,20,C25 Alkane,6,1624.3,10.0,3117,9.470,872,0.003,139.6,85.0,9.473,0,-185.158,182.645,0.3115837
08:09:10,H2 60m 6C_ramp Alkane_Samples,48,VA-23,sample,,20,C27 Alkane,7,1773.8,8.6,1959,5.411,575,0.002,149.0,87.7,5.413,0,-173.707,199.264,0.3159622
08:09:10,H2 60m 6C_ramp Alkane_Samples,48,VA-23,sample,,20,C29 Alkane,8,1913.0,7.1,785,2.147,254,0.001,165.0,91.7,2.147,0,-126.981,267.081,0.3338297
08:09:10,H2 60m 6C_ramp Alkane_Samples,48,VA-23,sample,,20,C31 Alkane,9,2047.4,12.1,5475,21.515,1617,0.007,194.8,101.0,21.522,0,-157.349,223.007,0.3222175
08:09:10,H2 60m 6C_ramp Alkane_Samples,48,VA-23,sample,,20,C33 Alkane,10,2185.5,14.0,5056,24.042,1414,0.008,214.2,106.6,24.050,0,-176.080,195.820,0.3150550
08:09:10,H2 60m 6C_ramp Alkane_Samples,48,VA-23,sample,,20,,11,2347.3,9.2,671,2.552,210,0.001,221.7,109.1,2.552,0,-152.688,229.771,0.3239996
09:10:02,H2 60m 6C_ramp Alkane_Samples,49,VA-28,sample,,20,Ref 1,1,30.1,14.0,5398,57.495,1519,0.015,119.7,82.4,57.510,0,-310.653,0.504,0.2635016
09:10:02,H2 60m 6C_ramp Alkane_Samples,49,VA-28,sample,,20,Ref 2,2,71.9,14.0,5397,57.754,1519,0.015,120.0,82.1,57.769,0,-310.354,0.938,0.2636159
09:10:02,H2 60m 6C_ramp Alkane_Samples,49,VA-28,sample,,20,Ref 3,3,113.7,14.0,5400,57.561,1519,0.015,120.2,82.5,57.576,1,-311.000,0.000,0.2633688
09:10:02,H2 60m 6C_ramp Alkane_Samples,49,VA-28,sample,,20,Ref 4,4,155.5,14.0,5404,57.839,1521,0.015,120.4,82.4,57.854,0,-310.598,0.583,0.2635224
09:10:02,H2 60m 6C_ramp Alkane_Samples,49,VA-28,sample,,20,Ref 5,5,197.3,14.0,5405,57.867,1521,0.015,120.4,82.6,57.883,0,-310.733,0.388,0.2634710
09:10:02,H2 60m 6C_ramp Alkane_Samples,49,VA-28,sample,,20,C25 Alkane,6,1623.9,8.4,1774,4.859,536,0.002,169.1,95.3,4.860,0,-142.342,244.787,0.3278382
09:10:02,H2 60m 6C_ramp Alkane_Samples,49,VA-28,sample,,20,C27 Alkane,7,1773.6,7.5,1111,3.021,352,0.001,191.6,101.5,3.022,0,-144.911,241.057,0.3268559
09:10:02,H2 60m 6C_ramp Alkane_Samples,49,VA-28,sample,,20,,8,1858.0,6.9,773,2.080,236,0.001,210.6,106.7,2.080,0,-189.136,176.871,0.3099510
09:10:02,H2 60m 6C_ramp Alkane_Samples,49,VA-28,sample,,20,C29 Alkane,9,1913.4,6.7,717,1.967,233,0.001,212.3,106.8,1.967,0,-132.041,259.737,0.3317754
09:10:02,H2 60m 6C_ramp Alkane_Samples,49,VA-28,sample,,20,C31 Alkane,10,2048.0,12.5,5635,22.738,1652,0.007,240.9,115.6,22.745,0,-158.278,221.657,0.3217465
09:10:02,H2 60m 6C_ramp Alkane_Samples,49,VA-28,sample,,20,C33 Alkane,11,2186.1,14.0,5296,25.515,1510,0.008,241.9,115.2,25.524,0,-159.017,220.584,0.3214639
09:10:02,H2 60m 6C_ramp Alkane_Samples,49,VA-28,sample,,20,,12,2347.5,9.2,689,2.622,222,0.001,236.2,114.1,2.623,0,-132.786,258.657,0.3314909
09:10:02,H2 60m 6C_ramp Alkane_Samples,49,VA-28,sample,,20,,13,2476.4,11.9,1049,5.028,290,0.002,229.4,112.0,5.029,0,-211.772,144.018,0.3012986
10:10:54,H2 60m 6C_ramp Alkane_Samples,50,VA-28,sample,,20,Ref 1,1,30.1,14.0,5403,57.692,1520,0.015,120.0,82.5,57.707,0,-310.873,0.184,0.2635033
10:10:54,H2 60m 6C_ramp Alkane_Samples,50,VA-28,sample,,20,Ref 2,2,71.9,14.0,5404,57.730,1522,0.015,120.3,82.3,57.746,0,-310.761,0.347,0.2635463
10:10:54,H2 60m 6C_ramp Alkane_Samples,50,VA-28,sample,,20,Ref 3,3,113.7,14.0,5404,57.768,1521,0.015,120.5,82.4,57.783,1,-311.000,0.000,0.2634548
10:10:54,H2 60m 6C_ramp Alkane_Samples,50,VA-28,sample,,20,Ref 4,4,155.5,14.0,5408,57.922,1522,0.015,120.6,82.5,57.937,0,-311.031,-0.045,0.2634431
10:10:54,H2 60m 6C_ramp Alkane_Samples,50,VA-28,sample,,20,Ref 5,5,197.3,14.0,5410,57.772,1523,0.015,120.7,82.5,57.788,0,-310.754,0.357,0.2635488
10:10:54,H2 60m 6C_ramp Alkane_Samples,50,VA-28,sample,,20,C25 Alkane,6,1625.2,8.8,1750,4.864,531,0.002,169.5,95.0,4.866,0,-141.652,245.789,0.3282090
10:10:54,H2 60m 6C_ramp Alkane_Samples,50,VA-28,sample,,20,C27 Alkane,7,1774.8,7.5,1119,3.021,352,0.001,192.8,101.4,3.022,0,-141.481,246.036,0.3282743
10:10:54,H2 60m 6C_ramp Alkane_Samples,50,VA-28,sample,,20,,8,1859.3,6.9,775,2.106,237,0.001,211.7,107.0,2.107,0,-190.685,174.622,0.3094599
10:10:54,H2 60m 6C_ramp Alkane_Samples,50,VA-28,sample,,20,C29 Alkane,9,1914.4,6.9,701,1.978,228,0.001,213.5,107.4,1.979,0,-135.208,255.141,0.3306731
10:10:54,H2 60m 6C_ramp Alkane_Samples,50,VA-28,sample,,20,C31 Alkane,10,2049.0,12.7,5620,22.826,1674,0.007,242.4,116.2,22.833,0,-159.104,220.458,0.3215356
10:10:54,H2 60m 6C_ramp Alkane_Samples,50,VA-28,sample,,20,C33 Alkane,11,2187.2,14.2,5229,25.637,1513,0.008,243.2,116.4,25.645,0,-160.444,218.514,0.3210235
10:10:54,H2 60m 6C_ramp Alkane_Samples,50,VA-28,sample,,20,,12,2348.5,9.2,685,2.637,222,0.001,236.6,114.3,2.637,0,-133.164,258.107,0.3314544
10:10:54,H2 60m 6C_ramp Alkane_Samples,50,VA-28,sample,,20,,13,2477.7,11.7,1089,5.102,295,0.002,229.6,111.9,5.103,0,-210.861,145.339,0.3017452
11:11:49,H2 60m 6C_ramp Alkane_Samples,51,VA-29,sample,,20,Ref 1,1,30.1,14.0,5413,57.747,1524,0.015,120.4,82.4,57.762,0,-310.945,0.080,0.2635714
11:11:49,H2 60m 6C_ramp Alkane_Samples,51,VA-29,sample,,20,Ref 2,2,71.9,14.0,5411,57.862,1523,0.015,120.8,82.3,57.877,0,-310.717,0.411,0.2636586
11:11:49,H2 60m 6C_ramp Alkane_Samples,51,VA-29,sample,,20,Ref 3,3,113.7,14.0,5415,57.842,1525,0.015,120.9,82.7,57.857,1,-311.000,0.000,0.2635504
11:11:49,H2 60m 6C_ramp Alkane_Samples,51,VA-29,sample,,20,Ref 4,4,155.5,14.0,5417,58.024,1525,0.015,121.0,82.8,58.040,0,-311.171,-0.248,0.2634850
11:11:49,H2 60m 6C_ramp Alkane_Samples,51,VA-29,sample,,20,Ref 5,5,197.3,14.0,5417,57.933,1525,0.015,121.2,82.9,57.948,0,-311.103,-0.149,0.2635112
11:11:49,H2 60m 6C_ramp Alkane_Samples,51,VA-29,sample,,20,C25 Alkane,6,1624.1,10.2,2018,6.082,599,0.002,163.3,93.0,6.084,0,-163.215,214.491,0.3200797
11:11:49,H2 60m 6C_ramp Alkane_Samples,51,VA-29,sample,,20,-,7,1774.2,7.7,1739,5.261,524,0.002,180.3,97.8,5.263,0,-168.019,207.519,0.3182421
11:11:49,H2 60m 6C_ramp Alkane_Samples,51,VA-29,sample,,20,C27 Alkane,8,1777.1,4.8,547,1.243,169,0.000,180.3,97.8,1.244,0,-215.056,139.250,0.3002499
11:11:49,H2 60m 6C_ramp Alkane_Samples,51,VA-29,sample,,20,C29 Alkane,9,1913.6,7.5,925,2.551,295,0.001,200.0,103.4,2.552,0,-137.337,252.050,0.3299784
11:11:49,H2 60m 6C_ramp Alkane_Samples,51,VA-29,sample,,20,C31 Alkane,10,2048.4,13.6,6160,25.594,1802,0.008,232.7,113.0,25.602,0,-159.488,219.902,0.3215056
11:11:49,H2 60m 6C_ramp Alkane_Samples,51,VA-29,sample,,20,C33 Alkane,11,2186.1,14.2,5279,26.119,1537,0.008,234.4,113.3,26.127,0,-163.060,214.718,0.3201393
11:11:49,H2 60m 6C_ramp Alkane_Samples,51,VA-29,sample,,20,,12,2347.5,9.0,649,2.422,210,0.001,231.6,112.2,2.423,0,-131.234,260.909,0.3323131
12:12:44,H2 60m 6C_ramp Alkane_Samples,52,VA-29,sample,,20,Ref 1,1,30.1,13.8,5412,57.735,1523,0.015,120.5,82.8,57.750,0,-311.303,-0.440,0.2633816
12:12:44,H2 60m 6C_ramp Alkane_Samples,52,VA-29,sample,,20,Ref 2,2,71.9,13.8,5411,57.812,1524,0.015,120.8,82.9,57.827,0,-311.364,-0.528,0.2633586
12:12:44,H2 60m 6C_ramp Alkane_Samples,52,VA-29,sample,,20,Ref 3,3,113.7,14.0,5414,57.862,1525,0.015,120.9,82.8,57.877,1,-311.000,0.000,0.2634976
12:12:44,H2 60m 6C_ramp Alkane_Samples,52,VA-29,sample,,20,Ref 4,4,155.5,14.0,5419,57.987,1526,0.015,121.1,82.6,58.003,0,-310.912,0.128,0.2635315
12:12:44,H2 60m 6C_ramp Alkane_Samples,52,VA-29,sample,,20,Ref 5,5,197.3,14.0,5418,57.889,1526,0.015,121.2,82.8,57.905,0,-311.018,-0.026,0.2634908
12:12:44,H2 60m 6C_ramp Alkane_Samples,52,VA-29,sample,,20,C25 Alkane,6,1624.8,9.2,2123,6.025,626,0.002,163.4,92.6,6.027,0,-160.635,218.236,0.3210024
12:12:44,H2 60m 6C_ramp Alkane_Samples,52,VA-29,sample,,20,-,7,1774.6,6.7,1753,5.180,528,0.002,179.1,97.5,5.181,0,-170.126,204.461,0.3173727
12:12:44,H2 60m 6C_ramp Alkane_Samples,52,VA-29,sample,,20,C27 Alkane,8,1777.5,4.8,571,1.285,174,0.000,179.1,97.5,1.286,0,-161.992,216.267,0.3204836
12:12:44,H2 60m 6C_ramp Alkane_Samples,52,VA-29,sample,,20,C29 Alkane,9,1914.0,7.3,925,2.519,297,0.001,203.8,104.7,2.520,0,-137.028,252.499,0.3300306
12:12:44,H2 60m 6C_ramp Alkane_Samples,52,VA-29,sample,,20,C31 Alkane,10,2048.8,13.0,6159,25.368,1818,0.008,231.1,112.6,25.377,0,-158.979,220.640,0.3216357
12:12:44,H2 60m 6C_ramp Alkane_Samples,52,VA-29,sample,,20,C33 Alkane,11,2186.6,14.0,5335,25.891,1544,0.008,234.0,112.8,25.899,0,-161.843,216.483,0.3205403
12:12:44,H2 60m 6C_ramp Alkane_Samples,52,VA-29,sample,,20,,12,2347.9,9.2,654,2.535,212,0.001,235.2,114.4,2.536,0,-135.057,255.360,0.3307843
13:03:10,H2 60m 6C_ramp 1.4 mL Flow Standards,53,ACAL2,standard_control_drift,,20,Ref 1,1,30.1,14.0,5408,57.678,1522,0.015,120.3,82.7,57.693,0,-311.208,-0.302,0.2634908
13:03:10,H2 60m 6C_ramp 1.4 mL Flow Standards,53,ACAL2,standard_control_drift,,20,Ref 2,2,71.9,14.0,5406,57.834,1521,0.015,120.5,82.7,57.849,0,-311.215,-0.311,0.2634884
13:03:10,H2 60m 6C_ramp 1.4 mL Flow Standards,53,ACAL2,standard_control_drift,,20,Ref 3,3,113.7,14.0,5408,57.864,1523,0.015,120.8,82.7,57.880,1,-311.000,0.000,0.2635705
13:03:10,H2 60m 6C_ramp 1.4 mL Flow Standards,53,ACAL2,standard_control_drift,,20,Ref 4,4,155.5,14.0,5413,57.960,1523,0.015,121.0,82.7,57.976,0,-311.331,-0.481,0.2634438
13:03:10,H2 60m 6C_ramp 1.4 mL Flow Standards,53,ACAL2,standard_control_drift,,20,Ref 5,5,197.3,14.0,5413,58.052,1525,0.015,121.0,82.5,58.067,0,-310.986,0.021,0.2635760
13:03:10,H2 60m 6C_ramp 1.4 mL Flow Standards,53,ACAL2,standard_control_drift,,20,C23 Alkane,6,1466.8,11.7,4717,16.333,1452,0.006,132.7,83.6,16.338,0,-85.675,327.032,0.3497665
13:03:10,H2 60m 6C_ramp 1.4 mL Flow Standards,53,ACAL2,standard_control_drift,,20,C20 FAME,7,1490.4,11.5,4511,15.082,1485,0.006,148.6,87.3,15.087,0,-29.007,409.279,0.3714443
13:03:10,H2 60m 6C_ramp 1.4 mL Flow Standards,53,ACAL2,standard_control_drift,,20,C25 Alkane,8,1627.3,11.5,4853,16.964,1210,0.005,139.5,85.1,16.968,0,-266.106,65.158,0.2807441
13:03:10,H2 60m 6C_ramp 1.4 mL Flow Standards,53,ACAL2,standard_control_drift,,20,C27 Alkane,9,1776.7,11.3,5005,17.457,1372,0.005,148.4,87.3,17.462,0,-187.675,178.991,0.3107473
13:03:10,H2 60m 6C_ramp 1.4 mL Flow Standards,53,ACAL2,standard_control_drift,,20,C29 Alkane,10,1916.3,11.3,5138,18.711,1607,0.006,169.6,93.3,18.717,0,-103.351,301.377,0.3430045
13:03:10,H2 60m 6C_ramp 1.4 mL Flow Standards,53,ACAL2,standard_control_drift,,20,C31 Alkane,11,2047.6,11.7,5082,19.397,1307,0.005,192.1,100.3,19.402,0,-277.150,49.129,0.2765194
13:03:10,H2 60m 6C_ramp 1.4 mL Flow Standards,53,ACAL2,standard_control_drift,,20,C30 FAME,12,2212.5,12.7,3977,17.840,1103,0.005,201.4,103.0,17.845,0,-197.600,164.587,0.3069507
13:48:59,H2 60m 6C_ramp 1.4 mL Flow Standards,54,ACAL2,standard_control_drift,,20,Ref 1,1,30.1,14.0,5404,57.633,1521,0.015,119.4,82.2,57.648,0,-311.060,-0.087,0.2635492
13:48:59,H2 60m 6C_ramp 1.4 mL Flow Standards,54,ACAL2,standard_control_drift,,20,Ref 2,2,71.9,14.0,5402,57.711,1521,0.015,119.6,82.4,57.726,0,-311.260,-0.378,0.2634725
13:48:59,H2 60m 6C_ramp 1.4 mL Flow Standards,54,ACAL2,standard_control_drift,,20,Ref 3,3,113.7,14.0,5405,57.643,1522,0.015,119.9,82.5,57.659,1,-311.000,0.000,0.2635720
13:48:59,H2 60m 6C_ramp 1.4 mL Flow Standards,54,ACAL2,standard_control_drift,,20,Ref 4,4,155.5,14.0,5409,57.917,1522,0.015,120.1,82.4,57.933,0,-311.215,-0.313,0.2634896
13:48:59,H2 60m 6C_ramp 1.4 mL Flow Standards,54,ACAL2,standard_control_drift,,20,Ref 5,5,197.3,14.0,5409,57.862,1523,0.015,120.3,82.6,57.877,0,-311.232,-0.337,0.2634833
13:48:59,H2 60m 6C_ramp 1.4 mL Flow Standards,54,ACAL2,standard_control_drift,,20,C23 Alkane,6,1467.6,11.1,4788,16.384,1485,0.006,132.7,83.6,16.390,0,-85.136,327.815,0.3499748
13:48:59,H2 60m 6C_ramp 1.4 mL Flow Standards,54,ACAL2,standard_control_drift,,20,C20 FAME,7,1491.2,11.1,4633,15.133,1516,0.006,147.8,86.8,15.139,0,-28.768,409.625,0.3715377
13:48:59,H2 60m 6C_ramp 1.4 mL Flow Standards,54,ACAL2,standard_control_drift,,20,C25 Alkane,8,1628.1,10.9,4974,17.007,1216,0.005,140.1,85.6,17.011,0,-267.083,63.740,0.2803721
13:48:59,H2 60m 6C_ramp 1.4 mL Flow Standards,54,ACAL2,standard_control_drift,,20,C27 Alkane,9,1777.5,11.1,4946,17.464,1366,0.005,147.6,87.0,17.470,0,-187.456,179.309,0.3108328
13:48:59,H2 60m 6C_ramp 1.4 mL Flow Standards,54,ACAL2,standard_control_drift,,20,C29 Alkane,10,1917.2,11.3,5176,18.741,1593,0.006,162.9,91.2,18.747,0,-104.511,299.693,0.3425628
13:48:59,H2 60m 6C_ramp 1.4 mL Flow Standards,54,ACAL2,standard_control_drift,,20,C31 Alkane,11,2048.2,11.5,5153,19.455,1311,0.005,191.0,99.9,19.461,0,-275.810,51.074,0.2770336
13:48:59,H2 60m 6C_ramp 1.4 mL Flow Standards,54,ACAL2,standard_control_drift,,20,C30 FAME,12,2213.5,12.7,4024,17.926,1109,0.006,199.8,102.2,17.931,0,-197.149,165.242,0.3071251
